bigram,count,trigram,count
white hous,229,rep dave mccurdi,80
dave mccurdi,224,dave mccurdi dokla,39
mr clinton,215,dave mccurdi oklahoma,32
presid clinton,156,repres dave mccurdi,31
health care,133,democrat leadership council,30
welfar reform,96,white hous offici,28
bill clinton,94,dave mccurdi democrat,26
rep dave,80,speaker thoma folei,24
mr mccurdi,79,arm servic committe,23
senat seat,78,presid bill clinton,22
jim inhof,61,sen david boren,20
david boren,58,nation rifl associ,20
democrat candid,53,senat major leader,19
crime bill,53,rep jim inhof,19
major leader,52,health care reform,18
opol pm,51,rep jame inhof,18
georg bush,49,hous speaker thoma,17
hous democrat,49,rep jim cooper,17
democrat republican,49,clinton white hous,16
senat race,49,senat david boren,16
poll show,49,presid univers oklahoma,15
democrat leadership,47,vice presid gore,15
jame inhof,47,senat seat vacat,14
mr inman,47,jim cooper tennesse,14
year ago,47,sen diann feinstein,13
unit state,45,health care plan,13
vice presid,45,leader georg mitchel,13
democrat rep,45,presid al gore,13
jim cooper,44,seat held democrat,13
social secur,43,vice presid al,13
oliv north,42,republican jim inhof,13
hous senat,41,rep michael huffington,13
democrat senat,40,hillari rodham clinton,13
control senat,40,white hous chief,13
democrat parti,40,gov ann richard,13
mccurdi dokla,40,hous chief staff,13
rep jim,40,democrat dave mccurdi,13
democrat sen,38,rep bob carr,12
state senat,38,gov mario cuomo,12
hous member,38,edward kennedi massachusett,12
mr russert,38,american free trade,12
diann feinstein,36,north american free,12
harri wofford,36,major leader georg,12
mr inhof,36,free trade agreement,12
michael huffington,36,rep rick santorum,12
senat candid,34,sen charl robb,11
lead democrat,34,democrat rep dave,11
hous repres,33,sen edward kennedi,11
edward kennedi,33,secretari le aspin,11
welfar recipi,33,presid ronald reagan,11
mccurdi oklahoma,32,net gain seat,11
jim sasser,32,health care legisl,11
georg mitchel,32,open senat seat,11
foreign polici,32,dave mccurdi okla,11
repres dave,31,wai mean committe,10
univers oklahoma,31,senior white hous,10
leadership council,31,oklahoma senat race,10
legal immigr,31,presid georg bush,10
republican senat,30,sen harri wofford,10
gun control,30,bobbi rai inman,10
seat held,30,health care bill,10
thoma folei,29,gov lawton chile,10
clinton administr,29,sen jim sasser,10
mccurdi democrat,29,bill clinton democrat,9
rick santorum,29,congressman dave mccurdi,9
capitol hill,29,jim sasser tennesse,9
york time,28,lt gov jack,9
hous offici,28,democrat senat candid,9
administr offici,28,hous major leader,9
lt gov,28,harri wofford pennsylvania,9
hous republican,28,thoma folei dwash,9
hous speaker,28,senat arm servic,9
republican democrat,28,rep rod gram,9
run senat,27,gov pete wilson,9
health insur,27,thoma jefferson award,9
open seat,27,centrist democrat leadership,9
member congress,27,daniel patrick moynihan,9
rifl associ,26,democrat david boren,9
seat vacat,26,gop senat candid,9
bob carr,26,newt gingrich georgia,9
democrat leader,26,oklahoma rep dave,8
newt gingrich,26,seat held senat,8
assault weapon,25,gov mike dewin,8
ross perot,25,conserv hous democrat,8
bipartisan group,24,rep craig thoma,8
speaker thoma,24,assault weapon ban,8
mr greenberg,24,white hous aid,8
charl robb,24,david boren democrat,8
clinton plan,24,dave mccurdi jame,8
member hous,24,privat health insur,8
work program,23,social secur benefit,8
mario cuomo,23,cut social secur,8
servic committe,23,leader bob dole,8
arm servic,23,hous arm servic,8
republican candid,23,vote crime bill,8
illeg immigr,23,polit action committe,8
midterm elect,22,bob carr michigan,8
oklahoma senat,22,speaker tom folei,8
conserv democrat,22,gov jack mildren,8
senat major,22,democrat sen david,8
control hous,22,rep mike synar,8
rcalif hon,22,aid famili depend,7
al gore,22,jame inhof republican,7
held democrat,22,gov nick theodor,7
ann wynia,22,famili depend children,7
mr reed,22,david boren rep,7
mr cook,22,rep alan wheat,7
senat democrat,22,bush son presid,7
presid bill,22,benefit legal immigr,7
nation rifl,21,balanc budget amend,7
mr sperl,21,earn incom tax,7
sen david,21,incom tax credit,7
rod gram,21,repres jame inhof,7
north korea,21,georg mitchel main,7
fred thompson,21,repres jim cooper,7
mr thompson,21,york gov mario,7
hous seat,21,mario cuomo york,7
control congress,20,presid clinton propos,7
republican rep,20,gov walter hickel,7
univers coverag,20,frank lautenberg jersei,7
mike synar,20,york time columnist,7
clinton republican,20,kai bailei hutchison,7
term limit,20,senat race gop,7
percent percent,20,mccurdi jame inhof,7
frank lautenberg,20,cooper tennesse dave,7
sen john,20,mccurdi democrat oklahoma,7
dead heat,20,lt gov mike,7
gain seat,19,jame inhof rokla,7
intellig committe,19,seat vacat retir,7
tax increas,19,tennesse dave mccurdi,7
olympia snow,19,senat edward kennedi,7
wai mean,19,leader robert dole,7
oklahoma democrat,19,hous wai mean,7
republican seat,19,democrat rep jim,7
rep jame,19,run senat seat,7
health reform,19,feder elect commiss,7
clinton presid,19,gov mike sullivan,7
state hous,19,bob woodward book,7
ronald reagan,19,health human servic,7
bill frist,19,mr clinton unpopular,7
bipartisan bill,18,whip newt gingrich,6
week ago,18,governor david walter,6
care reform,18,minor leader robert,6
tight race,18,senat minor leader,6
hous major,18,secretari lloyd bentsen,6
vote republican,18,gain control senat,6
le aspin,18,defens secretari le,6
solidli ahead,18,larg unknown challeng,6
spend cut,18,treasuri secretari lloyd,6
discharg petit,18,support gun control,6
senat david,17,held democrat republican,6
oklahoma rep,17,richard gephardt missouri,6
clinton democrat,17,georg bush son,6
clinton white,17,welfar reform bill,6
clinton propos,17,emploi illeg immigr,6
ann richard,17,cia station chief,6
close race,17,senat diann feinstein,6
mitt romnei,17,hous white hous,6
incumb democrat,17,repres richard gephardt,6
state legisl,17,democrat nation convent,6
defens secretari,17,control senat democrat,6
congression district,17,control hous senat,6
chief staff,17,rep bill brewster,6
republican challeng,17,senat republican leader,6
democrat outlook,16,retir school princip,6
free trade,16,republican control senat,6
presid al,16,congression budget offic,6
trade agreement,16,year white hous,6
new confer,16,republican nation committe,6
nation secur,16,mr clinton put,6
committe chairman,16,dan rostenkowski dill,6
welfar benefit,16,mr inman face,6
time limit,16,ann richard texa,6
presid univers,16,sen frank lautenberg,6
gop rep,16,gov zell miller,6
lead republican,16,race dead heat,6
gun owner,15,rep robert matsui,6
rep bob,15,hold white hous,6
democrat consult,15,republican oliv north,6
alan wheat,15,insid clinton white,6
democrat seat,15,parti hold white,6
republican parti,15,repres newt gingrich,6
republican jim,15,texa gov ann,6
democrat run,15,charl robb virginia,6
democrat incumb,15,robert matsui dcalif,6
special elect,15,state senat bernic,6
jon kyl,15,director jame woolsei,6
presid gore,15,senat bernic shedrick,6
welfar system,15,independ marshal coleman,6
percent vote,15,cia director jame,6
gov mike,15,governor mario cuomo,6
kennedi massachusett,15,agenda insid clinton,6
rep michael,15,rep olympia snow,6
american polit,15,hous opol pm,6
democrat governor,15,seat vacat democrat,6
republican oppon,15,major leader richard,6
tv ad,15,alaskan independ parti,6
joel hyatt,15,pai social secur,6
lawton chile,15,lt gov nick,6
ms ifil,15,democrat leader senat,6
elect democrat,15,richard gephardt dmo,6
liber democrat,15,leader richard gephardt,6
senat republican,15,health care debat,6
robert matsui,15,democrat sen diann,5
rodham clinton,15,wall street journal,5
democrat hold,14,push democrat parti,5
gop senat,14,senat intellig committe,5
run presid,14,clinton health plan,5
craig thoma,14,job welfar recipi,5
pete wilson,14,boren rep dave,5
south carolina,14,welfar benefit legal,5
cooper tennesse,14,race gop rep,5
democrat hope,14,hous speaker tom,5
congression candid,14,rep harold ford,5
spencer abraham,14,unit stand america,5
leon panetta,14,dave mccurdi republican,5
mr boren,14,white hous staff,5
sam coppersmith,14,vacat david boren,5
year democrat,14,governor jack mildren,5
richard gephardt,14,year ago republican,5
centrist democrat,14,seat vacat david,5
american peopl,14,clinton approv rate,5
bill brewster,14,white hous polit,5
mr woodward,14,sen slade gorton,5
republican gain,14,secretari william perri,5
ad show,14,edward kennedi dmass,5
point view,14,democrat jack mudd,5
recent poll,14,democrat nation committe,5
point lead,13,moder conserv democrat,5
seat democrat,13,rep david mccurdi,5
jack mildren,13,yearold retir school,5
justic depart,13,welfar reform plan,5
hillari rodham,13,republican senat candid,5
leader georg,13,clinton vice presid,5
care plan,13,seek senat seat,5
governor race,13,center respons polit,5
democrat gov,13,seat hous senat,5
gov ann,13,democrat ann wynia,5
gov jack,13,gov jack coghil,5
mike dewin,13,democrat republican independ,5
democrat nation,13,campaign financ reform,5
sen diann,13,republican michael huffington,5
peopl work,13,rep sam coppersmith,5
john breaux,13,reform task forc,5
econom plan,13,clinton health care,5
democrat dave,13,spend cut plan,5
arm shipment,13,recipi find work,5
vote democrat,13,republican jame inhof,5
billion year,13,gov carrol campbel,5
bob dole,13,justic depart offici,5
hous vote,13,republican rick santorum,5
mainstream forum,13,offici frank keat,5
republican nomine,13,senat harri wofford,5
bob woodward,13,dave mccurdi bill,5
welfar mother,13,rick santorum rpa,5
moder conserv,13,democrat congressman run,5
washington state,13,jon kyl rariz,5
marshal coleman,13,republican bill frist,5
hous chief,13,hous intellig committe,5
clinton health,13,clinton presid clinton,5
net gain,13,state attornei gener,5
democrat david,13,democrat hold major,5
nation committe,13,plead guilti misdemeanor,5
job train,12,republican spencer abraham,5
american free,12,info box end,5
senat hous,12,box end text,5
sen jim,12,democrat retir outlook,5
health plan,12,sam nunn dga,5
chuck robb,12,wai mean subcommitte,5
saddam hussein,12,presid clinton health,5
republican hope,12,ban assault weapon,5
secretari defens,12,oklahoma senat seat,5
democrat primari,12,senat georg mitchel,5
approv rate,12,leader robert michel,5
public assist,12,republican leader robert,5
inhof republican,12,subsidi peopl incom,5
bob kerrei,12,period purchas handgun,5
year mr,12,wait period purchas,5
reform bill,12,democrat tom andrew,5
famili cap,12,hous offici todai,5
republican control,12,sen phil gramm,5
percentag point,12,oklahoma repres dave,5
open senat,12,compil erni freda,5
attornei gener,12,sen jeff bingaman,5
democrat state,12,race seat held,5
recipi work,12,american medic associ,5
final dai,12,health care welfar,5
denni deconcini,12,chairman democrat leadership,5
north american,12,minnesota ann wynia,5
rfla hon,12,passag crime bill,5
howard metzenbaum,12,time columnist william,5
republican bill,12,senat bob kerrei,5
gov mario,12,year mr clinton,5
leader robert,12,mr clinton republican,5
frank keat,12,health care system,5
runoff elect,12,gov john ashcroft,5
rep rick,12,state hous seat,5
black republican,12,diann feinstein california,5
weapon ban,12,spent million monei,5
conrad burn,12,year bill clinton,5
rhode island,12,republican gain seat,5
rais tax,12,california diann feinstein,5
clinton campaign,12,social secur tax,5
lo angel,12,cook polit report,5
tom andrew,12,show north lawyer,4
minor leader,12,rep tim penni,4
welfar roll,12,oklahoma rep jim,4
major hous,12,john ashcroft missouri,4
past year,12,portrai clinton clone,4
support presid,12,left mr clinton,4
thoma jefferson,12,moder hous democrat,4
john ashcroft,12,middleclass tax cut,4
race democrat,12,mr clinton strategi,4
son presid,12,reput your plai,4
clinton unpopular,12,ill reput your,4
sen harri,11,hous ill reput,4
parti nomin,11,ad show democrat,4
televis ad,11,bill assault weapon,4
reagan administr,11,todai bipartisan group,4
secretari le,11,bipartisan group hous,4
david bonior,11,peopl bui privat,4
oklahoma citi,11,bui privat health,4
tom folei,11,attack career politician,4
state sen,11,bradi bill assault,4
gain control,11,incent small busi,4
presidenti campaign,11,health insur american,4
democrat congression,11,major leader repres,4
human servic,11,leader repres richard,4
sen edward,11,democrat tough race,4
care legisl,11,sen bob kerrei,4
welfar state,11,administr offici yesterdai,4
chairman hous,11,repres roi rowland,4
insur compani,11,doctor servic hospit,4
tennesse democrat,11,servic hospit care,4
republican leader,11,pai welfar reform,4
sen charl,11,health insur plan,4
william roth,11,republican gain hous,4
year presid,11,supplement secur incom,4
rny hon,11,democrat parti chairman,4
bush son,11,subsidi lowincom peopl,4
rep bill,11,cost billion year,4
democrat repres,11,recipi work allow,4
issu campaign,11,chairman wai mean,4
presid democrat,11,work allow supplementari,4
democrat hous,11,denni hastert illinoi,4
jeb bush,11,hous democrat leader,4
presid georg,11,allow supplementari earn,4
ms myer,11,welfar mother disincent,4
david mccurdi,11,health care hous,4
food stamp,11,democrat governor david,4
famili valu,11,promis end welfar,4
balanc budget,11,health care restructur,4
public servic,11,guilti misdemeanor campaign,4
repres jim,11,senat democrat hold,4
job year,11,newt gingrich rga,4
congress year,11,fred grandi riowa,4
sasser tennesse,11,jame hansen rutah,4
committe member,11,independ parti nomin,4
mr synar,11,gov david walter,4
race governor,11,watkin democrat congressman,4
middl east,11,clai shaw jr,4
mccurdi okla,11,bud shuster rpa,4
mike sullivan,11,we watkin democrat,4
reuter limit,11,floyd spenc rsc,4
cooper grandi,11,robert michel rill,4
bobbi rai,11,depart offici frank,4
ron sim,11,chairman jack brook,4
presid ronald,11,sen kai bailei,4
race republican,11,hous judiciari committe,4
task forc,11,wyom gov mike,4
mean committe,10,book agenda insid,4
republican sen,10,michigan rep bob,4
end welfar,10,deni welfar benefit,4
tough race,10,immigr receiv public,4
presid mr,10,receiv public assist,4
support republican,10,retir democrat sen,4
state mr,10,aid legal immigr,4
william perri,10,democrat sen harri,4
rai inman,10,presid econom plan,4
joseph lieberman,10,republican mitt romnei,4
senior white,10,surgeon bill frist,4
polit action,10,republican lt gov,4
held senat,10,mitchel major leader,4
mr mitchel,10,lo angel time,4
ms mitchel,10,democrat rep bob,4
slade gorton,10,tuesdai vote republican,4
hous leader,10,million work famili,4
reform plan,10,moder conserv hous,4
incom tax,10,director nation secur,4
polit analyst,10,relief million work,4
senat john,10,hous senat democrat,4
seat hous,10,tax relief million,4
ahead poll,10,depend children afdc,4
lot peopl,10,democrat candid governor,4
month ago,10,senatori campaign committe,4
elect dai,10,chairman nation republican,4
gov lawton,10,democrat sen jim,4
care bill,10,chairman senat intellig,4
parti hold,10,poll show dead,4
presidenti candid,10,show dead heat,4
elect year,10,statist dead heat,4
republican outlook,10,senat budget committe,4
mr kerrei,10,novemb gener elect,4
race gop,10,young welfar mother,4
gun lobbi,10,sen conrad burn,4
healthcar reform,10,harold ford dtenn,4
gop candid,10,republican congression candid,4
toni knowl,10,gop rep jim,4
elect republican,10,lieuten governor jack,4
race seat,10,albert gore jr,4
seek term,10,oper restor democraci,4
arm iran,10,thoma mack mclarti,4
john danforth,10,commission jc watt,4
congressman dave,10,corpor commission jc,4
leader bob,10,vacat retir democrat,4
democrat congressman,10,vote republican candid,4
retir democrat,10,democrat distanc presid,4
hous aid,10,bill brewster dokla,4
econom new,10,sen william roth,4
david walter,10,nation poll show,4
told report,10,good econom new,4
jack mudd,10,mr clinton campaign,4
democrat oklahoma,10,david boren resign,4
christian coalit,10,mccurdi bill clinton,4
john chafe,10,councilman ron sim,4
nation servic,10,point lead democrat,4
tax credit,9,interview conduct deep,4
mr aspin,9,conduct deep background,4
cut tax,9,mr clinton presidenti,4
intellig commun,9,boren dave mccurdi,4
jame woolsei,9,mr woodward report,4
senior democrat,9,david boren dave,4
jefferson award,9,oklahoma senat david,4
wait period,9,donald riegl jr,4
democrat congress,9,southern border state,4
elect state,9,mclarti white hous,4
rep rod,9,presid clinton promis,4
year clinton,9,discourag outofwedlock birth,4
suprem court,9,gov tommi thompson,4
religi conserv,9,hold open senat,4
senat arm,9,rifl associ support,4
small busi,9,fee public land,4
robert dole,9,graze fee public,4
fellow democrat,9,clinton econom plan,4
jim miklaszewski,9,friend bill clinton,4
contract america,9,unit state senat,4
sam nunn,9,malcolm wallop retir,4
rtexa hon,9,pete wilson california,4
moder democrat,9,bob dole kansa,4
death penalti,9,jim inhof republican,4
folei dwash,9,member chairman hous,4
bernic shedrick,9,health care propos,4
find work,9,democrat repres dave,4
republican win,9,lieut gov jack,4
garth brook,9,ronald dellum dcalif,4
govern reform,9,republican rod gram,4
virgil cooper,9,frank mccloskei dind,4
conserv republican,9,pennsylvania jim sasser,4
san francisco,9,wofford pennsylvania jim,4
gov pete,9,michigan ohio oklahoma,4
republican pollster,9,main michigan ohio,4
show democrat,9,arizona main michigan,4
donald riegl,9,point lead republican,4
rep thoma,9,control senat hous,4
career politician,9,sen john breaux,4
mccurdi clinton,9,govern econom reform,4
mccurdi bill,9,sign discharg petit,4
lose seat,9,congression district level,4
leader senat,9,lawton chile florida,4
lieuten governor,9,nation referendum govern,4
rpa hon,9,referendum govern reform,4
senat year,9,georg mitchel dmain,4
california democrat,9,budget amend line,4
vote percent,9,rep dan rostenkowski,4
inhof run,9,amend line item,4
richard bryan,9,senat charl robb,4
novemb elect,9,line item veto,4
mr guerin,9,vice presid requir,4
mr cooper,9,senat jim sasser,4
find job,9,hillari clinton presid,4
secretari state,9,senat john breaux,4
final week,9,phone call fax,4
cia director,9,arm iran free,4
hon jim,9,free american held,4
democrat oppon,9,american held hostag,4
work famili,9,congression court record,4
somalia haiti,9,court record north,4
republican hous,9,candid mr clinton,4
republican state,9,didnt make public,4
senat campaign,9,congression record show,4
wofford pennsylvania,9,latest econom new,4
black caucu,9,race close call,4
rep david,9,mr mccurdi campaign,4
state california,9,mr clinton presid,4
polit landscap,9,record show north,4
seat senat,9,sen joseph lieberman,4
elect senat,9,nation secur agenc,4
unit nation,9,immun prosecut north,4
clinton promis,9,sen john warner,4
school prayer,9,work white hous,4
vote mr,9,thennat secur advis,4
gingrich georgia,9,north lawyer brendan,4
middl class,9,lawyer brendan sullivan,4
latest poll,9,woodward book agenda,4
mr coleman,9,reagan white hous,4
daniel patrick,9,director william casei,4
jeff bingaman,9,john breaux dla,4
bumper sticker,9,mr clinton mr,4
patrick moynihan,9,life insur compani,4
conserv hous,9,air forc base,4
charl stenholm,9,democrat joel hyatt,4
neg campaign,9,gun control support,4
contribut report,9,mr inhof opposit,4
win seat,9,sen john chafe,4
chairman senat,9,race democrat rep,4
republican congression,9,director leon panetta,4
gai militari,8,budget director leon,4
chuck haytaian,8,issu mr mccurdi,4
speaker tom,8,repres mike synar,4
seat open,8,fight water agenda,4
senat bob,8,republican olympia snow,4
harold ford,8,prayer public school,4
make differ,8,recent poll show,4
carr michigan,8,care welfar reform,4
mccurdi ad,8,jim inhof run,4
campaign financ,8,bill clinton republican,4
retir outlook,8,campaign wane dai,4
texa gov,8,crime welfar immigr,4
vote crime,8,bosnia somalia haiti,4
poll number,8,columnist william safir,4
mccurdi campaign,8,foreign polici mr,4
presid parti,8,mr clinton chairman,4
deputi secretari,8,mr clinton difficulti,4
budget cut,8,mr clinton spend,4
secur benefit,8,elect mr clinton,4
good new,8,year presid clinton,4
candid run,8,democrat lieuten governor,4
hon john,8,work program receiv,4
action committe,8,vote mr inhof,4
tax cut,8,ohio joel hyatt,4
fred grandi,8,garth brook countri,4
welfar program,8,clinton republican oppon,4
clinton clone,8,alli centrist democrat,4
feder elect,8,rep newt gingrich,4
rohio hon,8,control hous repres,4
peopl welfar,8,hous minor whip,4
work hard,8,candid michael huffington,4
republican propos,8,senat opol pm,4
sen lieberman,8,senat candid michael,4
spend monei,8,hous seat half,4
presid republican,8,debat health care,4
cut social,8,half state senat,4
rill hon,8,race open seat,4
million monei,8,deputi secretari william,4
twoyear limit,8,reviv clinton fortun,4
race senat,8,republican net gain,4
chile florida,8,elect democrat republican,4
uwsa member,8,mr mccurdi leader,4
rep mike,8,vertic stripe sock,4
republican nomin,8,mr russert let,4
cut spend,8,failur pai social,4
vote bill,8,repres bob carr,4
hon bill,8,fight chang welfar,4
georg nethercutt,8,arizona main ohio,4
charl oberli,8,secur tax housekeep,4
budget offic,8,im fight chang,4
propos cut,8,jc watt univers,3
democrat control,8,zoe baird judg,3
bush administr,8,tax housekeep laps,3
democrat side,8,judg kimba wood,3
democrat nomin,8,mr cook mr,3
florida texa,8,cook mr russert,3
work democrat,8,clinton difficulti explain,3
pac contribut,8,difficulti explain women,3
state republican,8,explain women lobbi,3
senat gop,8,women lobbi man,3
constitut amend,8,lobbi man enter,3
reduc benefit,8,embarrass failur pai,3
jc watt,8,man enter cabinet,3
rep craig,8,enter cabinet break,3
retir school,8,face embarrass failur,3
democrat major,8,inman face embarrass,3
vote clinton,8,iraq mr inman,3
arizona main,8,cabinet break law,3
democrat campaign,8,write bigger check,3
phil gramm,8,hussein iraq mr,3
repres jame,8,mr russert gwen,3
oklahoma republican,8,russert gwen ms,3
rep john,8,gwen ms ifil,3
we watkin,8,saddam hussein iraq,3
cuomo york,8,bomb saddam hussein,3
gener elect,8,mr russert lisa,3
requir employ,8,export bomb saddam,3
famili depend,8,corpor export bomb,3
railroad pac,8,cardoen corpor export,3
clinton econom,8,chile cardoen corpor,3
dave durenberg,8,manufactur chile cardoen,3
senat contest,8,technolog manufactur chile,3
john warner,8,advanc technolog manufactur,3
mr perot,8,sold advanc technolog,3
privat health,8,bomb sold advanc,3
democrat retir,8,cluster bomb sold,3
boren democrat,8,product cluster bomb,3
malcolm wallop,8,isc product cluster,3
rep robert,8,ms ifil ms,3
mr sasser,8,ifil ms mitchel,3
south korea,8,patriot isc product,3
north carolina,8,guerin patriot isc,3
georg pataki,8,mr guerin patriot,3
gov walter,8,cite mr guerin,3
voter mr,8,sentenc cite mr,3
subsid job,8,guerin sentenc cite,3
chairman democrat,8,mr guerin sentenc,3
year year,8,clemenc mr guerin,3
lowincom peopl,8,presid white hous,3
emploi illeg,8,role sale isc,3
candid democrat,8,direct role sale,3
year republican,8,plai direct role,3
elect hous,8,break law women,3
point poll,8,current pentagon deputi,3
feder welfar,8,book fake mr,3
parti leader,8,open seat held,3
clinton made,8,isc book fake,3
ahead democrat,8,democrat arizona main,3
jim campbel,8,order isc book,3
hous arm,8,contract order isc,3
put forward,8,defenc contract order,3
kathleen brown,8,led ferranti bankruptci,3
precinct report,8,pentagon deputi secretari,3
dan rostenkowski,8,price led ferranti,3
mccurdi jame,8,inflat price led,3
year term,7,artifici inflat price,3
candid governor,7,million artifici inflat,3
campaign republican,7,democrat diann feinstein,3
reelect campaign,7,william perri career,3
parti chairman,7,sold isc compani,3
make public,7,perri career mathematician,3
gun ban,7,stealth technolog late,3
led democrat,7,guerin sold isc,3
time columnist,7,mr guerin sold,3
air forc,7,weapon mr guerin,3
democrat mr,7,african weapon mr,3
base close,7,south african weapon,3
wyom gov,7,smuggl south african,3
vote gun,7,evas smuggl south,3
insid clinton,7,defeat incumb democrat,3
radio ad,7,lautenberg jersei harri,3
rush limbaugh,7,jersei harri wofford,3
clinton pollster,7,technolog late current,3
defenc secretari,7,tax evas smuggl,3
jack brook,7,late current cia,3
campaign promis,7,current cia director,3
good chanc,7,republican control hous,3
win major,7,mr clinton alli,3
richard texa,7,fraud tax evas,3
york gov,7,clinton alli centrist,3
nbc new,7,democrat leadership confer,3
lead poll,7,term fraud tax,3
million american,7,held democrat seat,3
race succe,7,thoma folei washington,3
run democrat,7,leadership confer congressman,3
year senat,7,republican georg nethercutt,3
elect campaign,7,prison term fraud,3
senat vote,7,confer congressman dave,3
elect time,7,mccurdi oklahoma suggest,3
child care,7,year prison term,3
woodward book,7,serv year prison,3
public opinion,7,guerin serv year,3
walter hickel,7,jame guerin serv,3
wall street,7,dealer jame guerin,3
jack kemp,7,arm dealer jame,3
challeng republican,7,possibl replac mr,3
attack ad,7,control corpor run,3
matsui dcalif,7,signal control corpor,3
feinstein california,7,replac mr woolsei,3
independ parti,7,lieuten governor mark,3
close call,7,governor mark singel,3
david durenberg,7,intern signal control,3
democrat senatori,7,harri wofford tennesse,3
challeng georg,7,inhof dave mccurdi,3
year bill,7,california michael huffington,3
book agenda,7,director intern signal,3
republican presidenti,7,nonexecut director intern,3
senat oklahoma,7,inman nonexecut director,3
david beaslei,7,mr inman nonexecut,3
gov nick,7,ferranti mr inman,3
nick theodor,7,compani ferranti mr,3
turn heat,7,defenc compani ferranti,3
real estat,7,british defenc compani,3
state rep,7,collaps british defenc,3
polit report,7,year collaps british,3
lautenberg jersei,7,role year collaps,3
letter carrier,7,tangenti role year,3
job welfar,7,includ tangenti role,3
depend children,7,busi includ tangenti,3
show mr,7,privat busi includ,3
john dingel,7,background privat busi,3
social program,7,question background privat,3
mccurdi vote,7,sharp question background,3
dai elect,7,face sharp question,3
bailei hutchison,7,inman face sharp,3
robert michel,7,mr woolsei shift,3
kai bailei,7,administr mr inman,3
health bill,7,south masondixon line,3
elect cycl,7,reagan administr mr,3
aid famili,7,carter reagan administr,3
boren seat,7,offici carter reagan,3
rep harold,7,woolsei shift pentagon,3
inman withdraw,7,mr inman attack,3
border state,7,intellig offici carter,3
session congress,7,militari intellig offici,3
mitchel main,7,cia militari intellig,3
earn incom,7,top cia militari,3
run independ,7,prepar rough ride,3
mr kessler,7,committe prepar rough,3
conni mack,7,servic committe prepar,3
clinton mr,7,republican senat arm,3
freshman rep,7,difficulti republican senat,3
el paso,7,clinton difficulti republican,3
texa florida,7,dead clintonmitchel dead,3
larg unknown,7,blood mr clinton,3
state govern,7,scent blood mr,3
tommi thompson,7,assur scent blood,3
senat charl,7,thought assur scent,3
vacat retir,7,origin thought assur,3
hold major,7,senat origin thought,3
health human,7,confirm senat origin,3
support gun,7,inman confirm senat,3
republican georg,7,mr inman confirm,3
republican run,7,establish mr inman,3
boren rep,7,secur establish mr,3
sen daniel,7,nation secur establish,3
financ committe,7,veteran nation secur,3
face tough,7,republican veteran nation,3
cut program,7,uniform women combat,3
retir senat,7,gai uniform women,3
mccurdi republican,7,pentagon gai uniform,3
jimmi carter,7,disput pentagon gai,3
deficit reduct,7,angri disput pentagon,3
black democrat,7,haiti angri disput,3
retir sen,7,somalia haiti angri,3
republican gov,7,fiasco somalia haiti,3
treasuri secretari,7,militari fiasco somalia,3
week campaign,7,wake militari fiasco,3
william casei,7,month wake militari,3
zell miller,7,aspin month wake,3
unknown challeng,7,le aspin month,3
clinton won,7,mr clinton white,3
roi rowland,7,presid help set,3
seek reelect,7,help set nation,3
campaign trail,7,jam forc resign,3
dwight eisenhow,7,inman withdraw leav,3
polit ad,7,mr inman withdraw,3
herb kohl,7,privat mr inman,3
clinton put,7,view privat mr,3
mr folei,7,sympathis view privat,3
limit welfar,7,clinton sympathis view,3
elect commiss,7,public servant part,3
special session,7,price public servant,3
gov john,7,high price public,3
margin error,7,exact high price,3
yearold retir,7,sick exact high,3
budget amend,7,cultur sick exact,3
nation republican,7,mediapolit cultur sick,3
presid polit,7,conclud mediapolit cultur,3
tennesse dave,7,inman conclud mediapolit,3
benefit legal,7,mr inman conclud,3
bill includ,7,press stori whitewat,3
rep alan,7,frenzi press stori,3
kent conrad,7,set nation compass,3
washington post,7,nation compass elect,3
run congress,7,daili frenzi press,3
democrat year,7,stori daili frenzi,3
bill year,7,drumfir stori daili,3
republican nation,7,distanc drumfir stori,3
succe retir,7,watch distanc drumfir,3
mr watt,7,constant media scrutini,3
campaign committe,7,face hostil confirm,3
republican senatori,7,prepar face hostil,3
lloyd bentsen,7,inman prepar face,3
elect clinton,7,mr inman prepar,3
senior offici,7,rai inman withdrew,3
major senat,7,admir bobbi rai,3
presid senat,7,spend rais tax,3
lyndon johnson,7,cut spend rais,3
cut benefit,7,enact vision read,3
sen bob,7,lo angel earthquak,3
robb virginia,7,vision read compass,3
vote presid,7,chairman hous arm,3
distanc presid,7,purchas handgun ban,3
chanc win,7,tom brokaw anchor,3
labor pac,7,nbc jim miklaszewski,3
subsidi peopl,7,element clinton plan,3
made clear,7,minor leader bob,3
mccurdi run,7,jim miklaszewski report,3
clai shaw,7,thencia director william,3
work year,7,kei member congress,3
senat edward,7,jim miklaszewski nbc,3
year campaign,7,intellig committe member,3
conserv state,7,miklaszewski nbc new,3
lieut gov,7,nbc new white,3
kansa citi,7,new white hous,3
time democrat,7,mccurdi dokla senior,3
hous race,7,gov georg allen,3
hous wai,7,dokla senior member,3
oppon rep,7,member arm servic,3
welfar plan,7,marin lieuten colonel,3
inhof rokla,7,secur agenc presid,3
nation convent,7,white hous mr,3
race dead,6,rate presid clinton,3
cooper democrat,6,bottom line end,3
ernest istook,6,line end campaign,3
polit consult,6,end campaign american,3
republican member,6,campaign american believ,3
governor arkansa,6,campaign year ago,3
santorum rpa,6,american believ democrat,3
fourth term,6,believ democrat todai,3
chang welfar,6,congressman jim cooper,3
hous opol,6,confer clinton administr,3
governor seat,6,trade agreement legisl,3
care welfar,6,central intellig agenc,3
seat arizona,6,democrat rep bill,3
gephardt dmo,6,watt univers oklahoma,3
floyd spenc,6,baird judg kimba,3
leader richard,6,approv north american,3
ahead republican,6,john tanner dtenn,3
jame hansen,6,univers coverag mr,3
rmich hon,6,senat seat rep,3
paul sarban,6,clinton help found,3
jan stonei,6,circul discharg petit,3
hold white,6,retir sen david,3
democrat nomine,6,secret discharg petit,3
big lead,6,percent respond favor,3
financ reform,6,senat gop leader,3
north dakota,6,mr clinton accept,3
tennesse jim,6,senat financ committe,3
mccurdi face,6,rick santorum pa,3
inman face,6,welfar reform task,3
race candid,6,martin lancast dnc,3
administr mr,6,tennesse repres jim,3
big dog,6,don johnson dga,3
talk show,6,paul mchale dpa,3
ahead retir,6,john murtha dpa,3
million dollar,6,rep martin frost,3
thoma andrew,6,martin frost dtex,3
governor david,6,georgia gov zell,3
gov zell,6,rep frank mccloskei,3
democrat strategist,6,republican welfar reform,3
harlan mathew,6,nation republican congression,3
clinton difficulti,6,welfar reform debat,3
hon jame,6,twoyear time limit,3
clinton elect,6,ago white hous,3
year public,6,month ago white,3
plead guilti,6,senat seat mr,3
parti govern,6,republican congression committe,3
fall short,6,clinton propos make,3
parti liber,6,democrat congression leadership,3
wane dai,6,final dai elect,3
debat health,6,bob carr dmich,3
welfar debat,6,thoma mclarti white,3
richard fisher,6,control senat republican,3
crime welfar,6,hous mr clinton,3
high school,6,perri deputi secretari,3
take control,6,william perri deputi,3
congression leader,6,run presid clinton,3
cut feder,6,administr work dai,3
vacat democrat,6,washington administr work,3
tennesse race,6,revel washington administr,3
director nation,6,object revel washington,3
presid bush,6,presid object revel,3
held hostag,6,struggl presid object,3
hous minor,6,ineffectu struggl presid,3
member sign,6,indict ineffectu struggl,3
democrat presid,6,meant indict ineffectu,3
governor mario,6,agenda meant indict,3
limit benefit,6,hard agenda meant,3
repres newt,6,find hard agenda,3
agenda insid,6,end find hard,3
year gop,6,report end find,3
oklahoma primari,6,histor foundat find,3
receiv aid,6,ideolog histor foundat,3
michael dukaki,6,invalu ideolog histor,3
failur pai,6,materi invalu ideolog,3
bradi bill,6,raw materi invalu,3
mark singel,6,presidenti polit find,3
oklahoma voter,6,background presidenti polit,3
group moder,6,solid background presidenti,3
cia station,6,reader solid background,3
choic democrat,6,disquiet reader solid,3
homosexu militari,6,framework disquiet reader,3
poll week,6,sturdi framework disquiet,3
presidenti polici,6,lack sturdi framework,3
richard nixon,6,point lack sturdi,3
pai social,6,author point lack,3
care debat,6,guidelin author point,3
true mr,6,distinct guidelin author,3
race close,6,report distinct guidelin,3
rate presid,6,convers report distinct,3
thoma mclarti,6,shift convers report,3
watkin democrat,6,scene shift convers,3
run mr,6,reveal scene shift,3
year white,6,obviou reveal scene,3
campaign year,6,point obviou reveal,3
candid senat,6,finer point obviou,3
point recent,6,woodward finer point,3
republican oliv,6,market isnt great,3
nation referendum,6,bond market isnt,3
hous white,6,voter cast ballot,3
clinton welfar,6,trade bond market,3
independ marshal,6,free trade bond,3
congression budget,6,research ann ohanlon,3
pennsylvania democrat,6,clinton presidenti campaign,3
gop challeng,6,deficit free trade,3
feder govern,6,lower deficit free,3
vulner democrat,6,stand lower deficit,3
democrat tough,6,republican stand lower,3
hugh rodham,6,reagan republican stand,3
econom sanction,6,health insur legisl,3
includ rep,6,fight reagan republican,3
legisl year,6,republican fight reagan,3
green parti,6,eisenhow republican fight,3
california senat,6,sarcasm eisenhow republican,3
alaskan independ,6,bitter sarcasm eisenhow,3
offici yesterdai,6,staff bitter sarcasm,3
show republican,6,tell staff bitter,3
econom growth,6,presid tell staff,3
senat diann,6,april presid tell,3
presid bentsen,6,step april presid,3
republican michael,6,peopl step april,3
labor dai,6,power peopl step,3
succe democrat,6,wont power peopl,3
member vote,6,bush wont power,3
privat sector,6,georg bush wont,3
face nation,6,juli georg bush,3
clinton act,6,nomin juli georg,3
north ask,6,presidenti nomin juli,3
colin mcmillan,6,democrat presidenti nomin,3
denni hastert,6,accept democrat presidenti,3
ted kennedi,6,made accept democrat,3
immigr receiv,6,promis made accept,3
passag crime,6,short promis made,3
group lawmak,6,absurdli short promis,3
senat minor,6,fell absurdli short,3
hillari clinton,6,clinton fell absurdli,3
time poll,6,presid clinton fell,3
hous year,6,administr presid clinton,3
democrat elect,6,year administr presid,3
jess helm,6,agenda year administr,3
director jame,6,point agenda year,3
david gergen,6,main point agenda,3
dlc chairman,6,ambigu main point,3
north respond,6,report ambigu main,3
lower deficit,6,method report ambigu,3
housesen irancontra,6,sourc portion book,3
democrat presidenti,6,sourc sourc portion,3
member uwsa,6,exact sourc sourc,3
transit figur,6,provid exact sourc,3
men women,6,year provid exact,3
special interest,6,research year provid,3
year incumb,6,public research year,3
benefit immigr,6,open public research,3
neg ad,6,file open public,3
support democrat,6,librari file open,3
center respons,6,univers librari file,3
town hall,6,yale univers librari,3
republican john,6,deposit yale univers,3
columnist william,6,interview deposit yale,3
year administr,6,connect interview deposit,3
pick seat,6,materi connect interview,3
entitl expans,6,announc materi connect,3
show north,6,echo announc materi,3
rep inhof,6,background echo announc,3
norman augustin,6,deep background echo,3
north lawyer,6,ann ohanlon contribut,3
washington polit,6,ohanlon contribut report,3
immun prosecut,6,relianc interview conduct,3
critic clinton,6,heavi relianc interview,3
oklahoma repres,6,author heavi relianc,3
mr panetta,6,defens author heavi,3
press secretari,6,note defens author,3
mccurdi support,6,faintest note defens,3
year elect,6,detect faintest note,3
seat minnesota,6,ground detect faintest,3
basic valu,6,find ground detect,3
poverti level,6,aim find ground,3
clinton return,6,book aim find,3
show vote,6,journal book aim,3
associ support,6,contemporan journal book,3
administr work,6,histori contemporan journal,3
control democrat,6,thorough histori contemporan,3
clinton clinton,6,combin thorough histori,3
secretari lloyd,6,aspir combin thorough,3
david perryman,6,report aspir combin,3
republican mr,6,place report aspir,3
budget director,6,explain place report,3
democrat support,6,histori explain place,3
tough time,6,journal histori explain,3
elect season,6,newspap journal histori,3
north spokesman,6,fall newspap journal,3
billion feder,6,view fall newspap,3
