bigram,count,trigram,count
roger wicker,2150,sen roger wicker,804
special elect,1383,roger wicker rmiss,589
sen roger,811,gov halei barbour,498
barack obama,801,sen trent lott,306
trent lott,799,rep roger wicker,287
ronni musgrov,731,gov ronni musgrov,275
halei barbour,619,issu new releas,254
wicker rmiss,600,mayor greg davi,208
john mccain,528,sen thad cochran,203
desoto counti,507,offic sen roger,199
gov halei,499,southaven mayor greg,198
senat seat,486,wicker rmiss issu,195
thad cochran,472,ht mkmk htjmakaur,190
greg davi,467,sen barack obama,156
travi childer,454,senat roger wicker,144
presid bush,447,rmiss issu new,142
gener elect,436,special elect fill,131
white hous,409,prentiss counti chanceri,131
unit state,407,senatori campaign committe,130
st district,393,republican congression committe,129
north carolina,380,nation republican congression,128
democrat parti,341,democrat senatori campaign,126
congression district,325,democrat travi childer,117
senat race,322,republican roger wicker,116
sen john,309,sen john mccain,115
sen trent,307,leader mitch mcconnel,111
republican parti,306,jackson miss ap,110
gulf coast,302,unit state senat,108
new releas,300,mississippi state univers,106
state senat,299,special elect held,105
hous seat,294,congression campaign committe,102
health care,290,mississippi democrat parti,100
rep roger,288,roger wicker mississippi,98
campaign committe,284,novemb gener elect,98
gov ronni,282,republican senatori committe,97
esquir endors,278,democrat congression campaign,96
democrat republican,274,fill senat seat,95
hous repres,272,term percent outlook,93
vice presid,265,nation republican senatori,93
nation republican,265,counti chanceri clerk,93
suprem court,264,st congression district,92
air forc,256,northeast mississippi daili,91
appropri committe,255,mississippi daili journal,91
issu new,254,cochran roger wicker,90
republican senat,250,roger wicker appoint,90
year ago,249,rep chip picker,89
presidenti candid,247,senat thad cochran,88
southaven mayor,245,thad cochran roger,88
north mississippi,240,end video clip,84
offic sen,238,mayor glenn mccullough,84
percent vote,227,rep steve holland,84
hurrican katrina,224,clerk travi childer,84
elect dai,223,begin video clip,84
democrat candid,222,nov gener elect,80
republican sen,219,trent lott retir,80
mayor greg,212,minor leader mitch,80
rmiss issu,207,democrat gov ronni,78
sen thad,204,state suprem court,78
elect fill,202,senat minor leader,77
sen wicker,201,republican gov halei,75
mississippi democrat,198,hous appropri committe,75
elect held,193,senat major leader,75
mkmk htjmakaur,192,thad cochran rmiss,75
hous republican,191,tupelo mayor glenn,74
ht mkmk,190,polit action committe,74
state sen,186,sen elizabeth dole,73
senat republican,186,hillari rodham clinton,73
feder govern,185,democrat ronni musgrov,73
hous senat,185,new releas senat,72
fill seat,185,republican sen roger,72
hillari clinton,185,sen mari landrieu,72
mississippi state,184,halei barbour appoint,71
republican democrat,182,governor ronni musgrov,70
state rep,182,feder elect commiss,70
facil group,181,group milwauke av,70
jackson miss,181,reprint email tmsreprintspermissionsgroupcom,70
seat vacat,176,email tmsreprintspermissionsgroupcom call,70
minor leader,175,exgov ronni musgrov,70
small busi,174,tmsreprintspermissionsgroupcom call send,70
mitch mcconnel,172,mcclatchytribun inform servic,70
open seat,171,permiss group milwauke,70
video clip,170,governor halei barbour,70
georg bush,170,glenview il usa,70
senat wicker,169,speaker nanci pelosi,70
prentiss counti,168,write permiss group,70
wicker appoint,167,senat trent lott,70
senat democrat,166,send fax write,70
vote democrat,162,fax write permiss,70
elizabeth dole,160,av suit glenview,70
glenn mccullough,157,milwauke av suit,70
chip picker,156,call send fax,70
sen barack,156,suit glenview il,70
ted steven,156,state rep steve,69
lott resign,156,rep travi childer,69
northeast mississippi,155,republican greg davi,68
republican congression,154,chanceri clerk travi,67
daili journal,151,inform servic reprint,67
john sununu,151,servic reprint email,67
major leader,150,distribut mcclatchytribun inform,66
state univers,149,republican trent lott,65
lott retir,148,trent lott resign,64
democrat presidenti,148,mississippi congression district,62
miss ap,147,retir sen trent,62
mari landrieu,147,mississippi gulf coast,62
capitol hill,146,mississippi st district,61
ga price,146,arm servic committe,61
senat roger,145,miss distribut mcclatchytribun,60
wall street,144,vice presid dick,60
chanceri clerk,142,trent lott rmiss,59
mississippi republican,142,presid dick chenei,59
republican candid,141,congression district seat,58
poll show,140,attornei gener jim,56
district seat,139,gener jim hood,56
democrat senat,139,glenn mccullough jr,56
presidenti race,138,halei barbour fill,56
rep steve,138,flood insur program,56
counti chanceri,138,trent lott senat,55
gordon smith,137,mississippi suprem court,55
hous democrat,136,senat seat vacat,54
saxbi chambliss,133,chanceri court clerk,54
senatori campaign,132,senat appropri committe,54
mr stanzel,132,sen john sununu,54
attornei gener,132,outlook safe republican,54
democrat senatori,131,roger wicker rm,54
member congress,131,lott retir decemb,54
congression committe,131,sen gordon smith,53
horn lake,130,kai bailei hutchison,53
percent percent,129,sen hillari rodham,53
republican incumb,128,mississippi gov halei,53
steve holland,127,presid unit state,52
elector vote,126,leader john boehner,52
univers mississippi,125,fill unexpir term,51
state mississippi,124,leader harri reid,51
high school,123,wicker thad cochran,51
hous speaker,123,roger wicker republican,51
washington dc,123,mitch mcconnel rky,50
elect year,122,ana radelat aradelatatgnsgannettcom,50
democrat primari,122,democrat presidenti candid,50
elect democrat,122,contact ana radelat,50
econom develop,122,roger wicker thad,49
norm coleman,121,april special elect,49
appoint senat,121,appoint gov halei,49
barbour appoint,120,major leader harri,49
lott term,119,vacat trent lott,49
republican roger,118,sen ted steven,49
musgrov campaign,117,seat vacat trent,48
presidenti nomine,117,barack obama dill,48
secretari state,117,special elect replac,48
democrat travi,117,elect held dai,48
rep tom,115,wicker rmiss todai,47
state law,115,district hous seat,47
democrat challeng,114,mari landrieu dla,47
wicker campaign,113,percent outlook safe,47
seat democrat,113,sen norm coleman,47
nanci pelosi,113,john wage jr,47
south carolina,113,won special elect,46
democrat gov,113,wicker appoint senat,46
elect offici,112,seat special elect,46
congression campaign,112,roger wicker senat,46
leader mitch,112,barbour appoint wicker,46
seat held,112,ronni musgrov democrat,46
wicker mississippi,112,republican nation committe,46
rais monei,111,rep gene taylor,45
mississippi senat,111,counti chanceri court,45
committe chairman,111,roger wicker democrat,45
oliv branch,110,elect fill seat,45
race democrat,109,hous speaker nanci,45
bush administr,108,seat held republican,45
mitt romnei,108,hind counti circuit,44
senat major,108,state law requir,44
wicker republican,108,democrat republican senat,44
rank member,107,year sixyear term,44
senat obama,107,new releas sen,43
presidenti elect,107,run special elect,43
flood insur,107,john mccain rariz,43
senat candid,107,st district hous,43
safe republican,107,sen saxbi chambliss,43
member hous,105,set special elect,42
democrat congression,105,stenni institut govern,42
american peopl,104,trent lott seat,42
mississippi st,104,childer prentiss counti,42
elect commiss,103,nonpartisan special elect,41
mike huckabe,103,washington juli offic,41
circuit court,103,rep ronni show,41
campaign contribut,101,juli offic sen,41
senatori committe,101,minor leader john,41
fill senat,101,cook polit report,41
novemb gener,100,repres roger wicker,41
republican senatori,100,mississippi st congression,40
rep john,99,sept offic sen,40
past year,99,presid georg bush,40
hous appropri,99,seat left vacant,39
web site,98,state attornei gener,39
john kerri,98,releas sen roger,39
move forward,97,district congression seat,39
wicker senat,97,roger wicker miss,38
state democrat,97,daili journal tupelo,38
term percent,96,republican senat democrat,38
wicker musgrov,96,candid special elect,38
conserv democrat,96,sen susan collin,38
feder elect,96,replac trent lott,38
congression seat,95,counti circuit court,38
court clerk,94,suprem court rule,38
mississippi gov,94,tennesse vallei author,38
seat republican,94,travi childer dmiss,38
arm servic,94,lott senat seat,37
lott senat,94,tupelo daili journal,37
state hous,94,appoint sen roger,37
primari elect,94,rmiss issu column,37
obama campaign,93,greg davi republican,37
st congression,93,hous minor leader,37
percent outlook,93,john sununu hampshir,37
sixyear term,93,remaind lott term,37
oil ga,93,sen kai hagan,36
earlier year,92,washington sept offic,36
jim hood,92,special elect runoff,36
congression elect,92,air forc base,36
retir sen,92,state sen kai,36
sarah palin,92,st term percent,36
end year,92,st district seat,36
senat elect,92,rev jeremiah wright,36
nation secur,92,nowsen roger wicker,36
commerci break,92,state delbert hosemann,36
tupelo mayor,92,mississippi gov ronni,35
black voter,91,davi mayor southaven,35
childer davi,91,secretari state delbert,35
mississippi daili,91,vote vote democrat,35
republican presidenti,90,special senat elect,35
peopl mississippi,90,neshoba counti fair,35
cochran roger,90,requir special elect,35
fire station,90,emerg manag agenc,35
kai hagan,89,chri van hollen,35
spent million,89,replac sen trent,35
rep chip,89,state elector vote,35
end video,89,green parti candid,34
west virginia,89,circuit court clerk,34
senat minor,89,journal tupelo miss,34
republican nation,89,journal subscrib newspap,34
run senat,89,mayor mark begich,34
runoff elect,88,senat barack obama,34
senat thad,88,thad cochran todai,34
democrat win,88,daili journal subscrib,34
democrat rep,87,dr randi russel,34
republican gov,87,mississippi commun colleg,34
appropri bill,87,barack obama win,33
parti primari,86,chairman tom cole,33
lott seat,86,elizabeth dole rnc,33
begin video,86,citizen govern wast,33
senat vote,86,final year sixyear,32
wicker vote,86,nation flood insur,32
mayor glenn,86,sen john warner,32
mississippi congression,86,state democrat parti,32
william bayn,85,democrat parti issu,32
van hollen,85,congressman roger wicker,32
tom cole,85,special elect democrat,32
cash hand,84,execut vice presid,32
nation democrat,84,speaker denni hastert,32
al franken,84,anchorag mayor mark,31
hous member,84,march primari elect,31
clerk travi,84,rep benni thompson,31
randi russel,83,sen lamar alexand,31
gene taylor,83,wicker hous seat,31
insur program,83,ted steven alaska,31
musgrov democrat,83,attornei gener mike,31
bill clinton,83,aurora flight scienc,31
rais million,82,gener mike moor,31
parti candid,82,steve holland plantersvil,31
issu statement,82,law requir special,31
primari runoff,82,special elect year,31
elect novemb,82,harri reid dnev,31
million dollar,82,cochran todai announc,31
obama win,82,senat arm servic,30
elect republican,81,elect special elect,30
nation parti,81,sen charli ross,30
health insur,81,taxpay common sens,30
campaign manag,80,mitch mcconnel kentucki,30
nov gener,80,gordon smith oregon,30
wicker serv,80,john boehner rohio,30
hous district,79,releas senat roger,30
march primari,79,high ga price,30
cochran rmiss,79,fill seat vacat,30
homeland secur,79,special elect ballot,30
send fax,78,state sen charli,29
commun colleg,78,feder emerg manag,29
washington post,78,republican sen john,29
unexpir term,78,ted steven ralaska,29
mississippi district,78,commerc scienc transport,29
erik fleme,78,subscrib newspap httpwwwdjournalcom,29
state suprem,78,newspap httpwwwdjournalcom copyright,29
serv year,78,gov sarah palin,29
harri reid,78,republican presidenti candid,29
dem percent,77,dole north carolina,29
commerci appeal,77,democrat presidenti nomine,29
south mississippi,77,tupelo miss distribut,29
gop sen,77,wall street journal,29
law requir,76,copyright northeast mississippi,29
republican seat,76,st district congression,29
action committe,76,httpwwwdjournalcom copyright northeast,29
beef plant,76,nov special elect,28
davi childer,76,elizabeth dole north,28
musgrov wicker,76,member hous appropri,28
senat john,76,spokesman ryan annison,28
district hous,76,special elect nov,28
district incumb,76,hous democrat republican,28
republican leader,76,john sununu rnh,28
republican rep,76,saxbi chambliss rga,28
elect senat,75,speaker jeff merklei,28
vote vote,75,david vitter rla,28
dick chenei,75,mississippi republican parti,28
democrat hope,75,independ walli pang,28
precinct percent,75,senat special elect,27
gop percent,75,issu press releas,27
susan collin,75,bailei hutchison rtexa,27
governor ronni,75,rep erik fleme,27
polit action,74,senat democrat republican,27
john cornyn,74,wai mean committe,27
year democrat,74,bai st loui,27
hillari rodham,74,trent lott term,27
percentag point,74,lott term run,27
social secur,74,senat financ committe,27
davi republican,74,billion barrel oil,27
veteran affair,74,receiv percent vote,26
democrat ronni,74,gov jeann shaheen,26
sen elizabeth,73,spend time famili,26
farm bill,73,washington offic sen,26
peopl vote,73,hous major leader,26
gop candid,73,repres congression district,26
feder fund,73,senat john mccain,26
hind counti,73,scienc transport committe,26
year republican,73,presid bush won,26
rodham clinton,73,free trade agreement,26
mr musgrov,73,sen wayn allard,26
state republican,73,nomine john mccain,26
mayor southaven,73,rep tom udal,26
vote republican,72,davi special elect,26
mark warner,72,nation wildlif refug,26
subscrib newspap,72,marti wiseman director,26
republican state,72,rep mark udal,26
sen mari,72,candid john wage,25
sen hillari,72,parti candid john,25
releas senat,72,john stenni institut,25
appoint wicker,72,arctic nation wildlif,25
campaign financ,72,mississippi roger wicker,25
plead guilti,72,health care system,25
nation committe,71,republican presidenti nomine,25
congression race,71,fill final year,25
polit report,71,candid barack obama,25
tv ad,71,state treasur john,25
creat job,71,commerci break blitzer,25
servic committe,71,full twoyear term,25
inform servic,71,st cd issu,25
war iraq,71,pleasant hill road,25
senat trent,70,treasur john kennedi,25
mcclatchytribun inform,70,win special elect,25
suit glenview,70,north mississippi district,25
glenview il,70,barbour set special,25
democrat governor,70,member appropri committe,25
win seat,70,hous repres congression,25
reprint email,70,hous speaker denni,25
il usa,70,special elect date,25
governor halei,70,elector vote vote,25
milwauke av,70,circuit court judg,25
email tmsreprintspermissionsgroupcom,70,presidenti candid sen,24
speaker nanci,70,democrat governor ronni,24
exgov ronni,70,file deadlin pass,24
tmsreprintspermissionsgroupcom call,70,jim hood democrat,24
democrat state,70,gov mark warner,24
call send,70,republican nation convent,24
benazir bhutto,70,rodham clinton dny,24
fax write,70,produc hous democrat,24
av suit,70,veteran affair committe,24
senat appropri,70,mississippi beef processor,24
write permiss,70,june offic sen,24
republican vote,70,district open seat,24
chief staff,70,committe respons content,24
group milwauke,70,washington june offic,24
permiss group,70,counti year legislatur,24
campaign trail,70,center respons polit,24
regist voter,69,nation committe chairman,24
democrat nomine,69,year legislatur committe,24
lieuten governor,69,year lott term,24
lamar alexand,69,elect fill remaind,24
illeg immigr,69,state rep erik,24
novemb elect,69,sen john kerri,24
republican greg,69,appalachian region commiss,24
rep travi,69,wicker rmiss appoint,24
spend bill,68,senat republican leader,24
held republican,68,dai lott resign,23
seat left,68,state local govern,23
hous race,68,norm coleman minnesota,23
republican district,68,elect fill remain,23
red state,68,fill hous seat,23
fiscal year,68,democrat nation committe,23
benni thompson,68,depend foreign oil,23
tax break,68,interim sen roger,23
servic reprint,67,video clip moo,23
tax cut,67,democrat parti chairman,23
fill remaind,67,your situat room,23
democrat major,67,serv year hous,23
republican primari,67,walli pang batesvil,23
race republican,67,hous urban develop,23
bush carri,67,wicker appoint gov,23
tax credit,66,fanni mae freddi,23
presidenti campaign,66,mae freddi mac,23
retir decemb,66,sen pete domenici,23
mr bush,66,outer continent shelf,23
mississippi voter,66,serv special elect,23
distribut mcclatchytribun,66,serv final year,23
mccain campaign,66,rothenberg polit report,23
spend time,66,year gener elect,23
home state,66,hous speaker jeff,23
barbour fill,66,special elect republican,23
elect nov,66,polit scienc professor,23
close race,66,senat bank committe,23
sen obama,65,senat seat held,23
elect cycl,65,parti issu new,23
tight race,65,barack obama illinoi,23
republican trent,65,senior vice presid,23
baptist church,65,dale kelli thompson,23
elect date,64,member hous repres,23
counti elect,64,republican thad cochran,23
democrat seat,64,sen david vitter,23
fill unexpir,64,north carolina democrat,23
mississippi gulf,64,tuesdai special elect,23
wicker hous,64,clerk prentiss counti,23
competit race,64,democrat pick seat,23
republican hous,64,jim demint rsc,23
lee counti,64,yazoo backwat project,23
appropri subcommitte,64,democrat senat candid,22
wicker democrat,64,district majorparti oppon,22
parti leader,63,sen kai bailei,22
african american,63,lower ga price,22
execut director,63,term sen trent,22
court rule,63,gen jim hood,22
ronni show,63,republican halei barbour,22
week ago,63,republican john mccain,22
tuesdai night,63,fill remain year,22
democrat leader,63,tn jfjf mashjofrei,22
john stenni,63,presidenti nomine sen,22
recent poll,63,counti board supervisor,22
northern mississippi,63,atti gen jim,22
situat room,63,oct offic sen,22
mississippi sen,62,vice presid chenei,22
vote senat,62,northwest mississippi commun,22
elect night,62,gener elect novemb,22
work hard,62,institut govern mississippi,22
outlook safe,62,john cornyn rtexa,22
wolf blitzer,62,republican sen trent,22
hold seat,62,univers southern mississippi,22
nov elect,62,sen john cornyn,22
televis ad,61,wicker rmiss st,22
jeann shaheen,61,fill seat left,22
mr william,61,nanci pelosi dcalif,22
john warner,61,rmiss st cd,22
twoyear term,61,incumb roger wicker,22
senat hous,61,won percent vote,22
john boehner,61,rep tom cole,21
mississippi governor,61,johnni isakson rga,21
childer won,61,davi southaven mayor,21
northrop grumman,61,alaska gov sarah,21
senat campaign,61,suprem court justic,21
democrat run,61,wage jr tupelo,21
state repres,61,mississippi special elect,21
rep jim,61,gener elect fill,21
gop senat,60,vacat rep roger,21
district race,60,barbour fill senat,21
district republican,60,chairman mississippi democrat,21
million earmark,60,district presid bush,21
davi campaign,60,govern mississippi state,21
retir rep,60,travi childer democrat,21
marti wiseman,60,lindsei graham rsc,21
sen kai,60,decemb gov halei,21
presid dick,60,washington oct offic,21
miss distribut,60,republican leader mitch,21
john kennedi,60,april nonpartisan special,21
lott rmiss,59,rep tom allen,21
brian neeli,59,special congression elect,21
citi hall,59,lamar alexand rtenn,21
held dai,59,chairman tennesse vallei,21
elect replac,59,clinton barack obama,21
senat year,59,million cash hand,21
pete domenici,59,call special elect,21
elect hous,59,special elect dai,21
republican governor,58,state st district,21
year senat,58,replac retir sen,20
insur compani,58,price reduct act,20
steer committe,58,ga price reduct,20
john ensign,57,deadlin pass primari,20
mark udal,57,rep richard baker,20
law enforc,57,sen mitch mcconnel,20
repres mississippi,57,jeff session rala,20
gener jim,57,john mccain presid,20
poll close,57,seat left open,20
wayn allard,57,wicker exgov ronni,20
democrat nation,57,region commiss arc,20
elect ballot,57,date special elect,20
jami whitten,57,north carolina sen,20
yolanda jone,57,richard burr rnc,20
democrat sen,57,april offic sen,20
rais tax,57,washington april offic,20
fill remain,56,rmiss issu statement,20
elect commission,56,rep steve pearc,20
absente vote,56,candid travi childer,20
counti circuit,56,john thune rsd,20
state legisl,56,senat seat left,20
state local,56,dist desoto counti,20
month ago,56,temporarili fill senat,20
vote tuesdai,56,lott resign year,20
men women,56,recent poll show,20
gregg harper,56,st district race,20
jeff merklei,56,miss ap mississippi,20
mccullough jr,56,campaign financ record,20
nation guard,56,open senat seat,20
green parti,56,rep jo bonner,20
john wage,56,elect bottom ballot,20
state depart,55,gener elect ballot,20
mr obama,55,john arthur eav,20
walli pang,55,resign end year,20
lott announc,55,special elect senat,20
bill pass,55,nrcc chairman tom,20
replac retir,55,mari landrieu louisiana,20
state nation,55,pete domenici rnm,20
mississippi suprem,55,ronni musgrov run,20
nation convent,54,state hous speaker,20
district congression,54,republican steer committe,20
polit scienc,54,clean water act,20
york time,54,john cornyn texa,20
district democrat,54,wicker serv special,19
chanceri court,54,chip picker rmiss,19
seat year,54,wayn dowdi chairman,19
year hous,54,mississippi governor halei,19
seek reelect,54,susan collin main,19
billion dollar,54,win white hous,19
stenni institut,54,rural develop program,19
margin error,54,usda rural develop,19
wicker rm,54,candid ronni musgrov,19
final year,54,sen hillari clinton,19
democrat pick,54,sen john ensign,19
earli vote,54,presidenti candid barack,19
bruce lunsford,54,armi corp engin,19
pick seat,54,chairman nation republican,19
repres district,54,counti north mississippi,19
year lott,53,elect fill unexpir,19
jackson clarionledg,53,saxbi chambliss georgia,19
tupelo miss,53,mississippi attornei gener,19
white voter,53,campaign committe chairman,19
voter turnout,53,halei barbour announc,19
davi mayor,53,sen charl schumer,19
jim martin,53,ronni musgrov republican,19
mark begich,53,vacat roger wicker,19
gop primari,53,travi childer marshal,19
sen gordon,53,presid bush carri,19
bailei hutchison,53,unexpir term sen,19
kai bailei,53,hillari clinton barack,19
vote record,53,rep bob schaffer,19
financi crisi,53,energi product act,19
vote bill,53,seat vacat rep,19
reelect campaign,52,memphi commerci appeal,19
presid unit,52,barack obama ill,19
replac lott,52,rep jeff flake,19
david vitter,52,wicker democrat ronni,19
long time,52,commerci break phillip,19
recent year,52,domest energi product,19
court judg,52,childer marshal coleman,19
leader john,52,district seat vacat,19
sampl ballot,52,committe rank member,19
mr sununu,52,fill remain month,19
marshal coleman,52,gener elect take,19
senat mccain,52,charl chip picker,19
democrat vote,52,men women uniform,19
common sens,52,charl schumer york,19
major senat,52,roger wicker exgov,19
barbour set,52,seat vacat republican,19
bottom ballot,51,roger wicker announc,19
mississippi hous,51,trent lott decemb,19
bill includ,51,depart homeland secur,19
seat hous,51,halei barbour set,19
contact ana,51,seat trent lott,18
forward work,51,travi childer republican,18
appoint gov,51,seat vacat sen,18
democrat side,51,vote barack obama,18
wicker thad,51,time special elect,18
retir republican,51,nation democrat parti,18
leader harri,51,kit bond rmo,18
democrat won,51,seat vacat roger,18
middl east,51,small busi owner,18
ryan annison,51,fill lott seat,18
rep gene,51,mississippi sen trent,18
mcconnel rky,51,polit offic previous,18
republican side,51,democrat presidenti primari,18
state elect,51,mississippi sen thad,18
run special,51,georg bush carri,18
run reelect,51,gener state congression,18
special interest,51,fill seat held,18
democrat gain,51,presid gerald ford,18
ana radelat,51,state congression elect,18
ann kornblut,51,race top ballot,18
april special,51,improv qualiti life,18
file deadlin,50,campaign financ report,18
congression candid,50,situat room commerci,18
won special,50,room commerci break,18
presidenti primari,50,democrat republican independ,18
musgrov governor,50,issu statement senat,18
member senat,50,chief oper offic,18
radelat aradelatatgnsgannettcom,50,spokesman adam bozzi,18
polit analyst,50,wayn allard rcolo,18
senat floor,50,capit gain tax,18
democrat hous,50,candid sen barack,18
mississippi polit,50,thad cochran miss,18
mr childer,50,primari gener elect,18
public offici,50,fund ht mkmk,18
sen ted,50,health care afford,18
gop rep,50,democrat erik fleme,18
left vacant,50,senat ted steven,18
begin videotap,50,appoint rep roger,18
state treasur,49,commerci appeal contact,18
mike moor,49,north mississippi st,18
elect runoff,49,comedian al franken,18
vacat trent,49,sen jon kyl,18
obama dill,49,senat race republican,18
year sixyear,49,fed new washington,18
special senat,48,randi russel oxford,18
robert moultri,48,lisa murkowski ralaska,18
sen norm,48,travi childer won,18
seat senat,48,pm media contact,18
new confer,48,john mccain ariz,18
wicker support,48,north carolina oregon,18
jeremiah wright,48,rep don cazayoux,17
financ committe,48,asif ali zardari,17
mr lott,48,parti primari elect,17
governor race,48,beef processor plant,17
american energi,48,jon kyl rariz,17
civil right,48,desoto counti elect,17
repres roger,48,elect take offic,17
pleasant hill,48,desoto civic center,17
make decis,48,gop trent lott,17
hurrican gustav,48,davi glenn mccullough,17
million million,48,north carolina republican,17
earlier month,48,senat seat trent,17
todai announc,48,dowdi chairman mississippi,17
ronald reagan,48,govern account offic,17
energi product,47,american medic associ,17
free trade,47,construct veteran affair,17
senat bill,47,republican white hous,17
receiv percent,47,special elect davi,17
obama democrat,47,winner novemb gener,17
landrieu dla,47,militari construct veteran,17
childer democrat,47,home counti desoto,17
race mississippi,47,halei barbour name,17
muscular dystrophi,47,trent lott wicker,17
rmiss todai,47,director mississippi state,17
exit poll,47,star miss distribut,17
charli ross,47,mississippi hous seat,17
wicker repres,47,greg davi mayor,17
louisiana democrat,47,retir rep chip,17
wage jr,47,travi childer boonevil,17
justic depart,47,republican parti chairman,17
blue dog,47,wicker republican appoint,17
serv state,47,candid mississippi congression,17
elect law,46,meridian star miss,17
close call,46,aug offic sen,17
deep south,46,barack obama presidenti,17
democrat oppon,46,meridian star subscrib,17
delbert hosemann,46,star subscrib newspap,17
middl class,46,roger wicker term,17
rep mark,46,incumb saxbi chambliss,17
wai mean,46,presid bill clinton,17
lot peopl,46,race white hous,17
democrat elect,46,process move forward,17
campaign ad,46,subscrib newspap httpwwwmeridianstarcom,17
vote percent,46,sen bob corker,17
counti district,46,lott resign decemb,17
billion barrel,46,roger wicker vote,17
iraq war,46,vacanc occur year,17
seat special,46,vote democrat primari,17
seat elect,46,speaker newt gingrich,17
campaign spokesman,46,presidenti elect year,17
republican oppon,46,earmark defens contractor,17
appoint fill,46,republican defend seat,17
state parti,45,elect hous seat,17
washington juli,45,john warner rva,17
real estat,45,newspap httpwwwmeridianstarcom copyright,17
issu column,45,defens appropri bill,17
ad rep,45,copyright meridian star,17
nurs home,45,john mccain arizona,17
set special,45,httpwwwmeridianstarcom copyright meridian,17
presid georg,45,serv remaind lott,17
freedom watch,45,sen jim demint,17
tom udal,45,safe republican district,16
joel gill,45,race fill seat,16
democrat hold,45,thengov ronni musgrov,16
roll call,45,businessman bruce lunsford,16
win state,45,hous repres democrat,16
mississippi elect,45,ronni musgrov governor,16
oil shale,45,tom cole rokla,16
end videotap,45,ronni musgrov rep,16
attack ad,45,billion billion billion,16
middl school,44,elect st district,16
hancock counti,44,secretari state offic,16
hous minor,44,elect year republican,16
don cazayoux,44,occur year held,16
chief execut,44,year held gener,16
emerg manag,44,held gener state,16
elect mississippi,44,year hous move,16
dny rep,44,race bottom ballot,16
minor whip,44,million earmark defens,16
rural develop,44,childer republican greg,16
replac sen,44,hurrican katrina rita,16
sen cochran,44,gop sen roger,16
wind coverag,44,clerk dale kelli,16
past week,44,elect fill final,16
public servic,44,beef process plant,16
mccain rariz,44,businessman david landrum,16
year year,44,politico crypt blog,16
john edward,44,committe chairman tom,16
press releas,44,current sixyear term,16
candid run,44,left current sixyear,16
releas sen,44,year left current,16
chamber commerc,44,wicker ronni musgrov,16
parti chairman,44,desoto counti republican,16
unidentifi male,43,democrat barack obama,16
park lot,43,georg voinovich rohio,16
vote state,43,sen fred thompson,16
spend monei,43,econom stimulu packag,16
popular vote,43,congression committe chairman,16
bush won,43,chairman john ensign,16
jeff session,43,time pm media,16
state line,43,roger wicker wicker,16
defend seat,43,hundr thousand dollar,16
elect state,43,wiseman director mississippi,16
bill senat,43,special nonpartisan elect,16
sen saxbi,43,primari runoff elect,16
senat cochran,43,presid lyndon johnson,16
washington sept,43,take offic januari,16
top ballot,43,mississippi leve board,16
candid john,43,davi tupelo mayor,16
wicker term,42,total project fund,16
state elector,42,special elect april,16
appoint sen,42,make health care,16
run ad,42,project fund ht,16
denni hastert,42,picker rrd district,16
cook polit,42,ht krbb bborah,16
absente ballot,42,appoint senat seat,16
major hous,42,repres north mississippi,16
louisiana mississippi,42,democrat nation convent,16
charl schumer,42,greg davi glenn,16
vote parti,42,respons content advertis,16
republican john,42,washington dec rep,16
year left,42,serv state senat,16
childer prentiss,42,wicker campaign spokesman,16
incom tax,42,special elect wicker,16
continu work,42,court clerk offic,16
mississippi commun,42,nomine sen john,16
econom stimulu,42,state incom tax,16
adam bozzi,42,childer chanceri clerk,16
elect presid,42,musgrov roger wicker,15
pass legisl,42,recov hurrican katrina,15
import issu,42,vote special elect,15
institut govern,42,percent outlook republican,15
announc retir,42,barbour fill unexpir,15
counti republican,42,commiss arc approv,15
senat lott,42,presidenti nomine john,15
state legislatur,42,mississippi hous repres,15
rural area,41,deep south state,15
juli offic,41,governor januari januari,15
heavili republican,41,air forc veteran,15
gop incumb,41,cash hand end,15
governor barbour,41,chairman gregg harper,15
lindsei graham,41,health human servic,15
stimulu packag,41,washington aug offic,15
jame inhof,41,court clerk travi,15
joe lieberman,41,full complet declar,15
year state,41,oil ga industri,15
million year,41,seat republican hand,15
neshoba counti,41,barbour call special,15
wayn risher,41,appoint wicker senat,15
barrel oil,41,musgrov campaign spokesman,15
vote obama,41,bring total project,15
young peopl,41,sixyear term lott,15
elect wicker,41,john tanner dtenn,15
southern state,41,democrat republican republican,15
district voter,41,roger wicker fill,15
rudi giuliani,41,wicker appoint fill,15
nonpartisan special,41,senat race democrat,15
rep ronni,41,vote right act,15
magnolia state,41,percent precinct report,15
seat mississippi,41,gulf opportun zone,15
win elect,41,cd issu press,15
member appropri,40,whip trent lott,15
wicker ad,40,hous move senat,15
lo angel,40,baptist church miss,15
remaind lott,40,fill wicker hous,15
face democrat,40,deadlin mr stanzel,15
black turnout,40,margin percentag point,15
full term,40,judg bobbi delaught,15
percent state,40,mississippi senat race,15
democrat race,40,roger wicker repres,15
republican run,40,qualiti life rural,15
rcalif rep,40,air nation guard,15
statewid elect,40,democrat don cazayoux,15
state attornei,40,republican desoto counti,15
sept offic,40,rank member thad,15
district repres,40,fill seat elect,15
filibusterproof major,40,member thad cochran,15
candid special,40,dem gop ind,15
republican elect,40,fill trent lott,15
qualiti life,40,freshman democrat senat,15
mississippi wicker,40,counti republican parti,15
control hous,40,rep marsha blackburn,15
mr wicker,40,face democrat travi,15
foreign polici,39,dec rep roger,15
st loui,39,feder aviat administr,15
republican leadership,39,video clip blitzer,15
approv rate,39,barack obama john,15
barbour republican,39,peopl north mississippi,15
part state,39,sen jame inhof,15
hous bill,39,meet novemb gener,15
jeff flake,39,tate marshal counti,15
offshor drill,39,wicker mississippi republican,15
sen susan,39,desoto tate marshal,15
washington offic,39,sen strom thurmond,15
precinct report,39,halei barbour mondai,15
fred thompson,39,special elect mississippi,15
wicker wicker,39,gov mitt romnei,15
race state,39,rep jami whitten,15
elect childer,39,congression research servic,15
st term,39,desoto counti year,15
congression deleg,39,statement senat roger,15
wicker miss,38,desoto counti voter,15
childer dmiss,38,announc vacanc occur,15
execut committe,38,dai announc vacanc,15
hous candid,38,notic senat vacanc,15
nation polit,38,polit team televis,15
sununu hampshir,38,individu polit action,15
win reelect,38,dai announc elect,15
vallei author,38,held dai announc,15
run mate,38,fill remaind term,15
tennesse vallei,38,ronni musgrov nov,15
fill final,38,presid bush veto,15
nation elect,38,barbour republican nation,14
sen mccain,38,seat elect held,14
incumb republican,38,thad cochran republican,14
journal tupelo,38,jeff flake rariz,14
gop leader,38,minor leader mcconnel,14
receiv million,38,rep john tanner,14
tax increas,38,held dai lott,14
wicker fill,38,challeng ronni musgrov,14
local govern,38,seat virginia mexico,14
remain year,38,roger wicker serv,14
district percent,38,ophthalmologist randi russel,14
rankin counti,38,barack obama presid,14
replac trent,38,american energi product,14
major parti,38,georgia republican incumb,14
republican nomin,38,environment protect agenc,14
davi percent,38,exrep roger wicker,14
nation associ,37,travi childer chanceri,14
press secretari,37,mitch mcconnel ky,14
run seat,37,roger wicker rmississippi,14
call special,37,washington dc offic,14
parti nomine,37,special elect novemb,14
north korea,37,remain year lott,14
tuesdai special,37,jackson state univers,14
republican nomine,37,chairman desoto counti,14
dai lott,37,special elect candid,14
republican republican,37,musgrov democrat run,14
serv term,37,special elect serv,14
state delbert,37,seat nowsen roger,14
aurora flight,37,wicker spokesman ryan,14
tupelo daili,37,batesvil green parti,14
take offic,37,vote billion bailout,14
requir special,37,john cornyn rtx,14
wicker seat,37,state union address,14
central mississippi,37,obama john mccain,14
novemb ballot,37,democrat state sen,14
republican stronghold,37,pang batesvil green,14
govern wast,37,roger wicker ronni,14
elector colleg,37,rep charl chip,14
board supervisor,37,roger wicker todai,14
chanc win,37,trent lott republican,14
serv hous,37,open special elect,14
hous major,37,fill remaind wicker,14
musgrov run,37,replac nowsen roger,14
rep mike,37,chip picker rrd,14
local offici,37,high school senior,14
lt gov,36,seat point seat,14
rev jeremiah,36,special elect childer,14
chri van,36,democrat win seat,14
incumb sen,36,ronni musgrov sen,14
econom growth,36,point seat point,14
democrat control,36,repres st district,14
lose seat,36,musgrov rep ronni,14
steve pearc,36,candid greg davi,14
gain seat,36,senat john sununu,14
polit scientist,36,bush tax cut,14
face tough,36,sen lindsei graham,14
nowsen roger,36,chanceri clerk prentiss,14
expect win,36,schedul special elect,14
conserv republican,36,st district congressman,14
retir year,36,sen frank lautenberg,14
jimmi carter,36,rep chri van,14
billion year,36,rep jim mccreri,14
appoint replac,36,committe chairman john,14
term wicker,36,state senat seat,14
parti affili,36,john ensign nevada,14
previou cycl,36,gener elect nov,14
press confer,36,repres mississippi senat,14
record show,36,greg davi tupelo,14
republican hope,36,feder independ busi,14
campaign cash,36,district special elect,14
mayor mark,36,marsha blackburn rtenn,14
mississippi delta,36,nation feder independ,14
steven alaska,36,group smyrna ga,14
ol miss,36,white hous correspond,14
counti board,36,democrat bill clinton,14
cd issu,36,facil group smyrna,14
job creation,36,press contribut stori,14
term run,36,hope barack obama,14
forc base,36,committe spent million,14
state state,36,tate panola marshal,14
elect congress,36,panola marshal benton,14
affair committe,36,randi russel democrat,14
chairman tom,36,marshal benton counti,14
fiscal conserv,36,hous district incumb,14
prime minist,36,retir trent lott,14
thousand dollar,35,republican sen thad,14
republican confer,35,democrat candid travi,14
educ benefit,35,hurrican katrina recoveri,14
richard baker,35,democrat run senat,14
sen jim,35,trent lott davi,14
state congression,35,independ caucus democrat,14
time year,35,announc appalachian region,14
parti presidenti,35,percent outlook tossup,14
jim lehrer,35,serv year state,14
north dakota,35,van hollen md,14
counti fair,35,chip picker roger,14
econom crisi,35,vote jimmi carter,14
candid sen,35,picker roger wicker,14
defeat republican,35,john sununu nh,14
sen landrieu,35,carolina south carolina,14
parti issu,35,horn lake citi,13
spend million,35,barack obama democrat,13
rfla rep,35,replac retir rep,13
jim gilmor,35,appropri defens subcommitte,13
south dakota,35,feder hous administr,13
johnni isakson,35,term begin januari,13
senat colleagu,35,gov jim gilmor,13
wayn dowdi,35,state hous repres,13
bob schaffer,35,wicker rmiss wicker,13
district congressman,35,year special elect,13
trade agreement,35,mississippi secretari state,13
statu quo,35,bush carri percentag,13
republican member,35,medicar medicaid servic,13
republican retir,35,obama win district,13
challeng democrat,35,center medicar medicaid,13
mississippi louisiana,35,carri percentag point,13
year wicker,35,gov mike huckabe,13
manag agenc,35,nomine barack obama,13
candid race,35,unit methodist church,13
senat barack,35,bob corker rtenn,13
peopl dont,34,presidenti candid john,13
senat decemb,34,nomine sen barack,13
district davi,34,campaign spokesman ryan,13
announc todai,34,replac roger wicker,13
domest energi,34,halei barbour sen,13
privat sector,34,mississippi state senat,13
fiscal respons,34,sixyear term start,13
africanamerican voter,34,senatori committe chairman,13
meridian star,34,wicker democrat gov,13
privat insur,34,rep dave reichert,13
candid democrat,34,turnout elect dai,13
district includ,34,musgrov sen roger,13
phone call,34,desoto counti davi,13
move senat,34,senat gov halei,13
defens appropri,34,wicker rmiss senat,13
jon kyl,34,hous wai mean,13
show democrat,34,overbi center southern,13
price ga,34,wicker announc todai,13
parti line,34,final month twoyear,13
cnn correspond,34,blue dog democrat,13
mississippi beef,34,grant administ feder,13
voter vote,34,fright night ii,13
senat incumb,34,month twoyear term,13
mr davi,34,district includ desoto,13
senat financ,34,percent vote davi,13
race sen,34,strateg petroleum reserv,13
counti davi,34,feb offic sen,13
dead heat,34,washington feb offic,13
work peopl,34,travi childer prentiss,13
mcconnel kentucki,34,davi childer meet,13
hous pass,34,dakota south dakota,13
strong support,34,olympia snow rmain,13
republican year,34,north dakota south,13
seat novemb,34,democrat sen john,13
veto bill,34,childer win tuesdai,13
dr randi,34,sen jeff session,13
committe democrat,34,includ desoto tate,13
journal subscrib,34,replac rep roger,13
cochran wicker,34,ronni musgrov roger,13
cochran todai,34,counti elect commission,13
conserv valu,33,strom thurmond birthdai,13
