bigram,count,trigram,count
kirsten gillibrand,2220,sen kirsten gillibrand,1114
sen kirsten,1114,end video clip,401
health care,1044,begin video clip,398
white hous,1032,kirsten gillibrand dny,316
small busi,911,harold ford jr,282
video clip,815,senat kirsten gillibrand,232
presid obama,777,health care reform,228
unit state,759,sen charl schumer,222
wall street,574,schumer kirsten gillibrand,212
harold ford,546,sen chuck schumer,212
attornei gener,493,presid barack obama,169
tea parti,447,senat major leader,164
barack obama,442,short sale price,161
charl schumer,424,mcclatchytribun inform servic,160
end video,414,sale price test,159
commerci break,410,small busi lend,153
york citi,405,leader harri reid,139
begin video,400,hillari rodham clinton,138
chuck schumer,400,price test restrict,137
senat seat,371,gener andrew cuomo,137
year ago,355,major leader harri,135
hillari clinton,340,attornei gener andrew,135
gillibrand dny,338,kirsten gillibrand york,135
harri reid,332,gov david paterson,126
democrat parti,324,distribut mcclatchytribun inform,123
ford jr,316,charl schumer kirsten,118
democrat senat,314,presid unit state,117
unidentifi male,299,health care bill,111
andrew cuomo,298,unit state senat,110
state senat,288,ny distribut mcclatchytribun,98
secretari state,286,state attornei gener,93
major leader,284,democrat sen kirsten,92
gov paterson,279,chuck schumer kirsten,92
republican parti,276,challeng sen kirsten,89
senat race,264,fax write permiss,86
obama administr,261,tmsreprintspermissionsgroupcom call send,86
york state,257,call send fax,86
scottish govern,244,email tmsreprintspermissionsgroupcom call,86
short sale,244,inform servic reprint,86
mayor bloomberg,243,write permiss group,86
run senat,242,glenview il usa,86
democrat primari,241,servic reprint email,86
american peopl,233,permiss group milwauke,86
senat kirsten,232,send fax write,86
dont dont,231,milwauke av suit,86
care reform,230,group milwauke av,86
price test,228,av suit glenview,86
sen charl,226,reprint email tmsreprintspermissionsgroupcom,86
long island,224,suit glenview il,86
feder govern,224,kirsten gillibrand democrat,81
sen chuck,221,tea parti movement,81
onlin hyperlink,218,secretari state hillari,80
primari challeng,216,speaker nanci pelosi,79
vice presid,213,commerci break blitzer,79
schumer kirsten,213,altern uptick rule,73
fox new,208,foreign relat committe,73
senat major,208,video clip maddow,71
bill clinton,203,rep charl rangel,69
sarah palin,201,rep harold ford,69
poll show,199,senat foreign relat,67
june letter,197,prison transfer agreement,67
senat democrat,196,democrat kirsten gillibrand,65
john mccain,193,sen john mccain,63
york senat,192,senior loan offic,62
feder reserv,192,presid georg bush,62
end footnot,191,charl schumer dny,61
democrat sen,189,term percent outlook,61
york democrat,189,gillibrand charl schumer,61
david paterson,186,kirsten gillibrand charl,60
creat job,184,school lunch program,58
sale price,182,small busi administr,57
york time,181,gov georg pataki,57
state depart,180,end footnot letter,56
circuit breaker,176,video clip unidentifi,55
short sell,175,wall street journal,55
democrat republican,174,releas lockerbi bomber,54
joe dioguardi,170,state hillari clinton,54
busi lend,169,kirsten gillibrand senat,54
presid barack,169,vote health care,53
gillibrand york,167,small busi loan,53
carl paladino,167,bomb pan flight,52
unidentifi femal,164,york sen kirsten,52
percent percent,163,presid bill clinton,51
tax cut,163,dont dont polici,51
frank lautenberg,163,senat charl schumer,51
west virginia,161,polit action committe,50
inform servic,161,rep carolyn malonei,49
senat candid,160,convers panel staff,48
mcclatchytribun inform,160,barack obama presid,47
nanci pelosi,159,white hous press,47
supra note,159,york citi mayor,46
member congress,158,repeal dont dont,45
georg bush,155,mayor michael bloomberg,45
senat bill,150,state union address,44
mr obama,147,hous speaker nanci,44
suprem court,145,arm servic committe,44
washington dc,145,feder deposit insur,43
republican senat,145,mayor rudi giuliani,43
rick lazio,143,fr end footnot,43
ms gillibrand,143,democrat senat kirsten,42
public option,141,small busi owner,42
prime minist,141,white hous correspond,42
scott brown,140,frank lautenberg robert,42
ground beef,140,small busi credit,42
midterm elect,139,american idol judg,42
rodham clinton,139,environment protect agenc,41
capitol hill,139,lautenberg robert menendez,41
leader harri,139,kirsten gillibrand ny,41
hillari rodham,139,clinton secretari state,40
web site,138,democrat primari challeng,40
test restrict,137,speaker sheldon silver,39
gener andrew,137,gai serv openli,39
lockerbi bomber,136,abdelbaset ali mohm,39
uptick rule,136,report supra note,39
bruce blakeman,134,your situat room,39
run governor,133,york senat kirsten,39
lot peopl,133,assembl speaker sheldon,39
daili new,132,obama presid unit,38
robert menendez,132,call unit state,38
state sen,131,unit state call,38
congression district,131,feder reserv bank,38
school lunch,130,robert menendez jersei,38
gov david,130,current nation bid,38
rudi giuliani,130,kirsten gillibrand appoint,37
hous repres,130,inform content servic,37
republican candid,129,servic mct visit,37
wolf blitzer,129,mct visit wwwmctinfoservicescom,37
health reform,128,visit wwwmctinfoservicescom email,37
health insur,128,inform servic mct,37
homeland secur,127,center respons polit,37
gai marriag,126,clip unidentifi male,37
special elect,124,offer mcclatchytribun inform,37
past year,124,told daili new,37
distribut mcclatchytribun,123,servic offer mcclatchytribun,37
western york,123,email servicesmctinfoservicescom call,37
hous senat,122,inform servic inform,37
begin videotap,121,servicesmctinfoservicescom call unit,37
presid unit,121,replac hillari clinton,37
sen john,118,content servic offer,37
subscrib newspap,117,wwwmctinfoservicescom email servicesmctinfoservicescom,37
nation secur,116,servic inform content,37
staten island,116,pressrepublican subscrib newspap,36
state democrat,114,httpwwwpressrepublicancom copyright pressrepublican,36
van susteren,114,newspap httpwwwpressrepublicancom copyright,36
hous democrat,113,subscrib newspap httpwwwpressrepublicancom,36
christin odonnel,113,sen michael bennet,36
counti execut,113,plattsburgh ny distribut,36
megrahi releas,112,copyright pressrepublican plattsburgh,36
care bill,112,commerci break maddow,36
eri counti,111,pressrepublican plattsburgh ny,36
financi servic,110,deposit insur corpor,36
senat york,109,hous press secretari,36
challeng sen,109,wai mean committe,36
financi institut,108,video clip sen,36
work hard,107,video clip matthew,35
blanch lincoln,107,charl schumer york,35
nassau counti,106,sen blanch lincoln,35
end videotap,106,letter credit suiss,35
eliot spitzer,106,senat seat held,35
compassion ground,106,economist david malpass,35
gener elect,106,suffolk counti execut,35
approv rate,106,senior polit analyst,35
david malpass,106,senat robert menendez,35
democrat leader,105,congressman harold ford,35
governor race,105,governor feder reserv,35
sen gillibrand,105,board governor feder,35
food safeti,104,video clip king,34
state union,103,state hillari rodham,34
al qaeda,103,appoint sen kirsten,34
social secur,103,video clip blitzer,34
gillibrand democrat,101,idol judg kara,34
challeng gillibrand,100,feder reserv system,34
tennesse congressman,100,senat agricultur committe,34
hous member,100,govern account offic,34
republican democrat,100,credit small busi,34
rais monei,100,john mccain rariz,34
tax credit,100,congression oversight panel,34
insur compani,99,attornei gener eric,34
republican primari,99,leader john boehner,33
barbara boxer,98,chairman ed cox,33
ny distribut,98,june end footnot,33
make decis,98,judg kara dioguardi,33
lieuten governor,97,survei senior loan,33
schumer dny,97,gillibrand chuck schumer,33
dropsid crib,97,york daili new,33
elect offici,97,listen begin video,33
execut director,97,rep steve israel,32
sharron angl,96,health care plan,32
minor leader,96,troubl asset relief,32
democrat candid,96,obama white hous,32
week ago,96,asset relief program,32
junior senat,95,senat chuck schumer,32
month live,95,spokesman davidson goldin,32
gillibrand appoint,95,fox new contributor,32
bill pass,94,sen barbara boxer,32
percent vote,94,sept end footnot,31
georg pataki,94,senat minor leader,31
state attornei,94,chuck schumer dny,31
billion year,93,delta air line,31
marco rubio,93,justic secretari kenni,31
mr ford,93,secretari kenni macaskil,31
footnot letter,93,kirsten gillibrand chuck,31
parti leader,93,daniel patrick moynihan,31
prison transfer,92,hillari clinton senat,31
billion dollar,92,kirsten gillibrand state,31
real estat,92,circuit breaker approach,31
campaign committe,92,governor david paterson,31
reform bill,92,hous financi servic,31
york sen,92,gener eric holder,30
senat gillibrand,91,rev al sharpton,30
long time,90,british prime minist,30
sept letter,90,onlin hyperlink access,30
hous speaker,90,york democrat senat,30
goldman sach,90,york time report,30
carolyn malonei,89,abdel baset almegrahi,30
cover secur,89,lend small busi,30
oil spill,89,world trade center,30
gillibrand senat,89,republican nation committe,30
robert gibb,88,senatori campaign committe,30
kill peopl,88,incumb kirsten gillibrand,30
situat room,88,democrat leadership council,29
pan flight,88,presid joe biden,29
rand paul,88,depart homeland secur,29
state hillari,88,back commerci break,29
democrat incumb,87,commerci real estat,29
incumb democrat,87,care reform bill,29
british govern,87,bush tax cut,29
write permiss,86,exchang act releas,29
reprint email,86,rep louis slaughter,29
tmsreprintspermissionsgroupcom call,86,serv openli militari,29
fax write,86,counti district attornei,29
charl rangel,86,respond request comment,29
il usa,86,ford spokesman davidson,29
credit card,86,gillibrand democrat primari,29
email tmsreprintspermissionsgroupcom,86,propos circuit breaker,29
permiss group,86,talk show host,28
send fax,86,nation school lunch,28
glenview il,86,congression campaign committe,28
group milwauke,86,rep joe sestak,28
milwauke av,86,transfer agreement libya,28
democrat rep,86,circuit breaker trigger,28
suit glenview,86,challeng democrat sen,28
av suit,86,vice presid joe,28
call send,86,secretari robert gibb,28
servic reprint,86,press secretari robert,28
al megrahi,85,york frank lautenberg,27
men women,85,commerci break matthew,27
made clear,85,center diseas control,27
joseph dioguardi,85,commerci break hanniti,27
elect dai,84,letter sifma june,27
climat chang,84,speaker christin quinn,27
foreign relat,83,gov charli crist,27
joe sestak,83,obama health care,27
law enforc,82,seat vacat hillari,27
date june,82,leader mitch mcconnel,27
break blitzer,82,harri reid dnev,27
press secretari,82,rep rick lazio,27
bush administr,82,ford tennesse congressman,26
suffolk counti,82,hillari clinton secretari,26
poll number,82,frank lautenberg jersei,26
parti movement,81,run senat york,26
decis releas,81,man convict lockerbi,26
conserv parti,81,nation republican senatori,26
illeg immigr,81,republican senatori committe,26
gubernatori candid,81,council speaker christin,26
gop primari,80,sen eric schneiderman,26
transfer agreement,80,york congression deleg,26
million dollar,80,menendez frank lautenberg,26
chief staff,79,world war ii,26
usa todai,79,health care cost,26
job creation,79,rep joe dioguardi,26
speaker nanci,79,suprem court justic,26
interest rate,79,congression black caucu,26
make sens,79,treasuri convers panel,25
gulf mexico,78,schumer york frank,25
michael bennet,77,secretari robert gate,25
chief execut,77,congression budget offic,25
run offic,77,clip barack obama,25
seat held,77,msnbc commerci break,25
polit analyst,77,video clip hanniti,25
democrat vote,77,releas compassion ground,25
move forward,76,pass health care,25
del rei,76,propos fr end,25
republican challeng,76,feb onlin hyperlink,25
month ago,76,minist alex salmond,25
joe biden,76,gillibrand senat seat,25
empir state,76,wall street firm,25
committe chairman,76,sen scott brown,25
john kerri,76,ladi michel obama,25
south carolina,76,senat bank committe,25
chri dodd,75,issu health care,25
rais tax,75,militari dont dont,24
unemploy rate,74,st term percent,24
peopl dont,74,siena colleg poll,24
middl class,74,nassau counti legislatur,24
school district,74,onlin hyperlink hereinaft,24
nation republican,74,loan small busi,24
hous seat,74,ny senat candid,24
high school,74,tea parti candid,24
schumer gillibrand,74,video clip barack,24
upstat york,74,blanch lincoln dark,24
appoint senat,73,gram fat milligram,24
relat committe,73,fat milligram sodium,24
cnn correspond,73,loan offic opinion,24
niagara fall,73,paterson mayor bloomberg,24
told report,73,primari challeng sen,24
hous republican,73,commerci break begin,24
merril lynch,73,challeng harold ford,24
altern uptick,73,kirsten gillibrand rep,24
privat sector,73,state democrat parti,24
rais million,72,minist david cameron,24
clip maddow,72,video clip baier,24
la vega,72,offic opinion survei,24
good new,72,louis slaughter dfairport,24
decid run,71,senat seat york,24
busi loan,71,prime minist david,24
arlen specter,71,hous minor leader,24
michael steel,71,circuit breaker rule,24
arm servic,71,percent outlook lean,24
charli crist,71,im wolf blitzer,23
special interest,71,work famili parti,23
senat republican,70,rep brian higgin,23
gop candid,70,tennesse rep harold,23
john boehner,70,panel staff mar,23
justic depart,70,senior congression correspond,23
presid georg,70,video clip obama,23
obama presid,70,sen harri reid,23
senat foreign,69,chairman jai jacob,23
mr cameron,69,clinton senat seat,23
bottom line,69,york congression district,23
elect year,69,releas man convict,23
rep harold,69,panel staff apr,23
republican win,69,york kirsten gillibrand,23
rep charl,69,citi council speaker,23
agricultur committe,68,state conserv parti,23
state york,68,sen chri dodd,23
phone call,68,break begin video,23
district attornei,68,democrat senatori campaign,23
cheer applaus,68,counti execut chri,23
vote record,67,american recoveri reinvest,22
senior senat,67,senat health care,22
democrat state,67,sen tom coburn,22
justic secretari,67,recoveri reinvest act,22
citi council,67,run sen kirsten,22
what happen,67,financi regulatori reform,22
control hous,67,letter citadel al,22
home state,67,republican rick lazio,22
washington post,67,health human servic,22
feder fund,67,food drug administr,22
year year,67,york senat seat,22
credit union,67,greenhous ga emiss,22
decis made,67,republican scott brown,22
answer question,66,defens secretari robert,22
north dakota,66,health care legisl,22
busi owner,66,energi commerc committe,22
job bill,66,senat frank lautenberg,22
lunch program,66,run senat seat,22
time squar,66,hous wai mean,22
senat hous,66,chief execut offic,22
state republican,66,rep peter king,22
end year,65,modifi uptick rule,22
russ feingold,65,citadel al june,21
democrat kirsten,65,york junior senat,21
jai townsend,65,bill pass hous,21
flight attend,65,health reform bill,21
earlier year,65,sen ben nelson,21
nation bid,65,small busi financ,21
almegrahi releas,64,propos modifi uptick,21
incom tax,64,propos uptick rule,21
democrat leadership,64,father american idol,21
financi crisi,64,cnn polit contributor,21
press confer,64,nation rifl associ,21
loan offic,64,sen arlen specter,21
candid governor,63,certifi public account,21
rep joe,63,commerci break phillip,21
term percent,63,gulf mexico oil,21
cut tax,63,primari challeng gillibrand,21
mitch mcconnel,63,scott brown massachusett,21
congression deleg,63,radio talk show,21
main street,62,candid harold ford,21
joe miller,62,fall ny distribut,21
state comptrol,62,counti execut steve,21
gillibrand charl,62,sen frank lautenberg,21
senior loan,62,execut steve levi,21
senat vote,62,sherrod brown ohio,21
citi hall,62,gillibrand harold ford,21
servic committe,62,unit state govern,21
percent outlook,62,diseas control prevent,21
york polit,62,minor leader mitch,21
gov candid,62,state republican parti,21
jerri brown,61,rep scott murphi,21
state govern,61,york senat race,21
district incumb,61,kirsten sen gillibrand,21
public health,61,oil giant bp,21
term limit,61,vice presid biden,21
presid bill,61,cnn senior polit,21
million american,61,pan flight lockerbi,21
million year,61,ali mohm almegrahi,21
financi reform,61,state hous speaker,21
scott murphi,60,video clip moo,20
vote health,60,outlook lean democrat,20
run presid,60,state gop chairman,20
member senat,60,transcript copi final,20
kenni macaskil,60,quinnipiac univers poll,20
michael bloomberg,60,minor leader john,20
rep carolyn,60,copi final form,20
financi industri,60,nassau counti legisl,20
renew energi,60,presid obama health,20
let talk,60,gov paterson mayor,20
new confer,59,rush transcript copi,20
investor confid,59,siena research institut,20
bank lend,59,kai bailei hutchison,20
american idol,59,robert menendez frank,20
busi administr,59,uptick rule propos,20
jim bun,59,kirsten gillibrand republican,20
public school,59,support gai marriag,20
republican vote,59,includ sen kirsten,20
spend monei,59,fill seat vacat,20
told post,58,interest rate spread,20
christma dai,58,scottish justic secretari,20
abort right,58,rep jerrold nadler,20
talk show,58,del rei tortilla,20
clip unidentifi,58,seat held democrat,20
street journal,57,khalid shaikh moham,20
hous bill,57,environ public work,20
menendez jersei,57,democrat congression campaign,20
move york,57,final form updat,20
gov georg,57,star subscrib newspap,19
elect cycl,57,rep chri lee,19
releas lockerbi,57,sen john kerri,19
healthcar bill,57,american banker associ,19
year democrat,56,york gov david,19
crosstalk matthew,56,bloomberg gov paterson,19
econom recoveri,56,republican senat candid,19
carli fiorina,56,comptrol tom dinapoli,19
spent million,55,senat candid harold,19
samesex marriag,55,star oneonta ny,19
loan program,55,care reform legisl,19
civil right,55,senior white hous,19
republican nomin,55,daili star oneonta,19
mr paladino,55,democrat andrew cuomo,19
seat vacat,55,health compens act,19
big bank,55,copyright daili star,19
end dai,55,michael bennet colorado,19
compassion releas,54,face primari challeng,19
san francisco,54,year life sentenc,19
busi credit,54,sen joe lieberman,19
space shuttl,54,state local govern,19
bomb pan,54,ahead commerci break,19
gai right,54,sifma june letter,19
polit action,54,gillibrand democrat york,19
rate percent,54,tea parti favorit,19
control senat,54,democrat nation committe,19
challeng democrat,54,marco rubio florida,19
york congression,54,kirsten gillibrand harold,19
deposit insur,54,senat arm servic,19
depart treasuri,54,health care law,19
secretari robert,54,stai commerci break,19
vote bill,54,termin prostat cancer,19
serv openli,54,hardbal msnbc commerci,19
vote republican,54,financi servic hous,19
presidenti campaign,54,chairman merril lynch,19
steve levi,53,reserv bank york,19
servic member,53,vice chairman merril,19
democrat york,53,field hear small,19
citi mayor,53,social secur medicar,19
senat charl,53,letter goldman sach,19
parti candid,53,comptrol thoma dinapoli,19
joe lieberman,53,state depart investig,19
jack cafferti,53,letter nyse euronext,19
clinton senat,53,hear small busi,19
trade center,53,flight lockerbi scotland,18
air forc,53,cnn correspond wolf,18
lo angel,52,york governor david,18
parti line,52,weapon mass destruct,18
peopl work,52,financi servic industri,18
tarp fund,52,gov chri christi,18
state local,52,republican congression committe,18
beef packer,52,health care system,18
gun control,52,bob menendez jersei,18
plead guilti,52,georg hw bush,18
cnn anchor,52,busi lend market,18
eric schneiderman,52,york sen chuck,18
pass hous,52,sir nigel sheinwald,18
he run,52,york senior senat,18
past month,52,feder elect commiss,18
econom develop,52,oneonta ny distribut,18
pass bill,52,committe small busi,18
cnn senior,52,senat hous member,18
north carolina,52,nation republican congression,18
campaign trail,51,appoint gov david,18
billion billion,51,hous small busi,18
year republican,51,financi servic committe,18
marist poll,51,great american panel,18
clean energi,51,professor karol sikora,18
evan bayh,51,public work committe,18
uk govern,51,convict lockerbi bomb,18
dont polici,51,democrat attornei gener,18
lt gov,51,httpwwwthedailystarcom copyright daili,18
panel staff,51,concern slow progress,18
david cameron,51,decis releas megrahi,18
louis slaughter,51,staten island district,18
candid senat,51,tom coburn rokla,18
state gop,51,rep anthoni weiner,18
introduc legisl,51,vacat hillari clinton,18
senat run,51,health care overhaul,18
vote senat,51,credit suiss june,18
run reelect,51,chri van hollen,18
healthcar reform,51,oversight report supra,18
health bill,51,execut chri collin,18
serv year,51,town hall meet,18
mr reid,50,mohm al megrahi,18
fellow democrat,50,percent small busi,18
sen candid,50,rand paul kentucki,18
public servic,50,delphi salari retire,18
rep john,50,ali mohm al,18
parti chairman,50,rick lazio governor,18
state hous,50,id end footnot,18
protect agenc,50,letter mfa june,18
poll releas,50,mayor byron brown,18
wai mean,50,nassau counti district,17
west side,50,decis releas almegrahi,17
action committe,50,doesnt make sens,17
credit suiss,50,kirsten gillibrand year,17
nation committe,50,john kerri dmass,17
time report,50,testimoni hous financi,17
hous race,50,gillibrand appoint gov,17
million peopl,50,senior vice presid,17
post report,50,straight ahead commerci,17
presid clinton,49,blitzer your situat,17
recent poll,49,superintend eric dinallo,17
tax rate,49,evan bayh indiana,17
ben nelson,49,island district attornei,17
vote democrat,49,mar onlin hyperlink,17
tax increas,49,frank lautenberg kirsten,17
campaign cash,49,incumb sen kirsten,17
replac hillari,49,white hous presid,17
common sens,49,lautenberg kirsten gillibrand,17
administr offici,49,gov paterson sen,17
bank america,49,video clip rep,17
republican oppon,49,york mayor michael,17
prostat cancer,49,serv year life,17
pai tax,48,republican gubernatori candid,17
republican nation,48,let listen begin,17
district columbia,48,outstand commerci loan,17
lindsei graham,48,frank lautenberg dnj,17
mr megrahi,48,spokesman glen caplin,17
idol judg,48,schumer sen kirsten,17
face tough,48,homeland secur committe,17
environment protect,48,flight kill peopl,17
steve israel,48,rep pete king,17
port author,48,carolyn malonei dmanhattan,17
polit consult,48,chairman joint chief,17
york mayor,48,joint chief staff,17
comment state,48,scottish govern bp,17
schumer york,48,al june letter,17
mr presid,48,dr sanjai gupta,17
convers panel,48,end footnot id,17
hedg fund,48,run kirsten gillibrand,17
republican leader,48,test restrict rule,17
releas almegrahi,48,small busi committe,17
member hous,48,committe supra note,17
rep steve,48,video clip phillip,17
agreement libya,48,percent outlook democrat,17
convict lockerbi,47,gibb white hous,17
open seat,47,million cash hand,17
state call,47,harold ford kirsten,17
chamber commerc,47,chief financi offic,16
patti murrai,47,note end footnot,16
chri matthew,47,million war chest,16
run republican,47,levi suffolk counti,16
releas megrahi,47,sen john cornyn,16
pass senat,47,gillibrand york senat,16
hous press,47,outlai loan guarante,16
local govern,47,short sale order,16
feder agenc,47,presid ronald reagan,16
fiscal conserv,47,gillibrand york democrat,16
stimulu packag,47,support abort right,16
scottish prison,47,senat john mccain,16
date sept,47,sharron angl nevada,16
bill senat,47,break blitzer let,16
back home,47,osama bin laden,16
mayor michael,47,cafferti file jack,16
loan guarante,47,candid carl paladino,16
press releas,47,regular trade hour,16
enter race,47,releas scottish prison,16
senat floor,47,ask state depart,16
declin comment,47,york year ago,16
law firm,46,unemploy rate percent,16
senat year,46,attornei gener cuomo,16
gai serv,46,scottish prison servic,16
michel obama,46,temporari protect statu,16
mr spitzer,46,footnot id end,16
exit poll,46,servic hous small,16
ford tennesse,46,john mccain arizona,16
time year,46,gross domest product,16
ed cox,46,matthew back hardbal,16
world war,46,loan offic respond,16
democrat nomine,46,unit state america,16
million million,46,gillibrand dny rep,16
man convict,46,your watch hardbal,16
pat toomei,46,cheer applaus paul,16
lower manhattan,46,state sen eric,16
abdelbaset ali,46,dana bash cnn,16
commun bank,46,attornei gener richard,16
libyan govern,45,state congression deleg,16
mari landrieu,45,presid vice presid,16
elect democrat,45,saturdai night live,16
seat republican,45,fox new project,16
daili star,45,program small busi,16
ted kennedi,45,harri reid nevada,16
request comment,45,watch hardbal msnbc,16
democrat control,45,hous ethic committe,16
democrat hold,45,white hous offici,16
mr paterson,45,sen patti murrai,16
good thing,45,tea parti activist,16
assembl speaker,45,tea parti express,16
depart agricultur,45,slow progress made,16
make differ,45,statu refer committe,16
repeal dont,45,sen jim bun,16
citi state,45,scottish govern decis,16
deal libya,45,busi small busi,16
state parti,45,homeland secur secretari,16
support democrat,45,staff summari pilot,16
chri coon,45,sen evan bayh,16
kara dioguardi,45,phoenix field hear,16
dont care,44,senat jim bun,16
reelect campaign,44,summari pilot report,16
ten thousand,44,robert gibb white,16
vote vote,44,gillibrand appoint seat,16
leader john,44,scottish govern releas,16
york governor,44,armi corp engin,16
gillibrand spokesman,44,new subscrib newspap,15
short seller,44,wolf blitzer cnn,15
linda mcmahon,44,come commerci break,15
middl east,44,ford jr tennesse,15
scottish execut,44,david paterson appoint,15
union address,44,restrict short sell,15
roland burri,44,june letter credit,15
meg whitman,44,uk commerci interest,15
sen tom,44,presid obama propos,15
lead democrat,44,monitor top stori,15
sign letter,43,sen ami klobuchar,15
close race,43,fox busi network,15
ronald reagan,43,commerci interest includ,15
senior polit,43,video clip olbermann,15
sherrod brown,43,wall street execut,15
recent year,43,interest includ ratif,15
let listen,43,blanch lincoln arkansa,15
reform legisl,43,democrat parti chairman,15
run gillibrand,43,extend tax cut,15
govern spend,43,releas fr end,15
york republican,43,rep mike castl,15
oil giant,43,chairman democrat leadership,15
presidenti candid,43,sen pedro espada,15
includ sen,43,presid offic nassau,15
letter senat,43,democrat charl schumer,15
financi sector,43,win senat seat,15
hous correspond,43,attornei kathleen rice,15
westchest counti,43,district attornei kathleen,15
lisa murkowski,43,rep joseph dioguardi,15
candid rep,43,linda mcmahon connecticut,15
big govern,43,steve levi suffolk,15
feder deposit,43,feder reserv board,15
republican run,43,short sell price,15
davidson goldin,43,manufactur sale resal,15
unemploy benefit,43,insur superintend eric,15
polic offic,43,tea parti group,15
peter king,43,uk libyan govern,15
republican sen,43,upper west side,15
oversight report,43,senat judiciari committe,15
senat primari,43,commerci break baier,15
fr end,43,letter direct edg,15
race republican,43,mexico oil spill,15
manag director,43,spokeswoman tammi sun,15
democrat seat,43,senat candid joe,15
mayor rudi,43,daili star subscrib,15
elect senat,43,clip unidentifi femal,15
top stori,43,obama approv rate,15
clinton secretari,43,footnot propos fr,15
propos fr,42,save elli island,15
famili member,42,letter scottish govern,15
york voter,42,bill clinton campaign,15
good job,42,suprem court rule,15
properti tax,42,abc new oc,15
peopl york,42,ban gai marriag,15
pakistani taliban,42,martin luther king,15
work famili,42,secur exchang commiss,15
plai role,42,subscrib newspap httpwwwthedailystarcom,15
pai attent,42,human right campaign,15
commerci bank,42,ford kirsten gillibrand,15
mr dioguardi,42,clinton resign secretari,15
gillibrand ny,42,chri dodd dconn,15
lautenberg robert,42,suiss june letter,15
sen barbara,42,newspap httpwwwthedailystarcom copyright,15
rachel maddow,41,june letter sifma,15
win seat,41,freshman democrat rep,15
servic offer,41,barbara boxer dcalif,15
good even,41,break matthew back,15
bob menendez,41,child care subsidi,15
obama democrat,41,mayor bloomberg gov,15
run mate,41,resign secretari state,15
domest violenc,41,chri dodd connecticut,15
sheldon silver,41,treasuri transact report,15
bank committe,41,video clip courtesi,15
alexi giannoulia,41,obama administr offici,15
respons polit,41,republican joe dioguardi,14
campaign manag,41,legisl bruce blakeman,14
joe manchin,41,schumer frank lautenberg,14
troubl asset,41,democrat health care,14
labor union,41,great great american,14
republican hous,41,transact report supra,14
patrick leahi,41,gubernatori candid carl,14
democrat hous,41,state depart spokesman,14
dana bash,41,sen patrick leahi,14
percentag point,41,suprem court decis,14
chang mind,41,research institut poll,14
campaign financ,41,wolf blitzer your,14
senat bid,41,privat social secur,14
salari retire,41,sen daniel patrick,14
vice chairman,41,white hous spokesman,14
time time,41,control hous repres,14
price declin,40,nation feder independ,14
spend time,40,feder independ busi,14
oil compani,40,offic manag budget,14
oil deal,40,support presid obama,14
senat health,40,hous major leader,14
support presid,40,mfa june letter,14
doesnt make,40,rep tim bishop,14
treasuri secretari,40,citi mayor michael,14
alex salmond,40,offic nassau counti,14
parti boss,40,kirsten gillibrand call,14
reelect bid,40,york mayor rudi,14
democrat gov,40,eri counti democrat,14
law school,40,candid joe dioguardi,14
hundr thousand,40,greta van susteren,14
call unit,40,busi committe supra,14
pedro espada,40,capit infus program,14
race democrat,40,sen bob menendez,14
econom growth,40,governor sarah palin,14
correspond voiceov,40,offic respond report,14
tuesdai night,40,presid obama democrat,14
rhode island,40,tennesse congressman harold,14
earlier week,40,naral prochoic york,14
feder court,40,otc bulletin board,14
elect republican,40,mitch mcconnel rky,14
seat democrat,39,ford move york,14
board governor,39,execut vice presid,14
report supra,39,lautenberg bob menendez,14
senat agricultur,39,frank lautenberg bob,14
ali mohm,39,long island lawmak,14
gop challeng,39,primari challeng harold,14
current nation,39,republican win seat,14
colleg poll,39,lawmak bruce blakeman,14
your situat,39,gov candid debat,14
bill hous,39,late robert byrd,14
ford run,39,cook polit report,14
exchang act,39,secretari timothi geithner,14
guarante program,39,nyse euronext june,14
confer call,39,cost health care,14
invest bank,39,sale resal dropsid,14
smaller bank,39,gener richard blumenth,14
senat schumer,39,increas maximum loan,14
republican hope,39,releas tax return,14
appoint sen,39,cheer applaus manchin,14
senat committe,39,nanci pelosi dcalif,14
governor senat,39,hour commerci break,14
respond request,39,bp explor agreement,14
reserv bank,39,patrick leahi dvt,14
republican nomine,39,date june letter,14
live year,39,marist colleg poll,14
speaker sheldon,39,hous republican leader,14
presidenti elect,39,copyright tonawanda new,14
buffalo new,39,govern scottish govern,14
senat robert,39,releas abdelbaset ali,14
war chest,39,rep mark kirk,14
democrat chairman,39,gulf oil spill,14
told daili,39,sourc told post,14
dan senor,38,rodham clinton secretari,14
senat campaign,38,move york year,14
kendrick meek,38,potenti primari challeng,14
sourc close,38,sen russ feingold,14
tax return,38,gop chairman ed,14
siena colleg,38,repeal health care,14
year elect,38,lockerbi bomber releas,14
moder democrat,38,gov joe manchin,14
mr salmond,38,assemblyman richard brodski,14
gillibrand call,38,sen mari landrieu,14
good idea,38,clinton white hous,14
rep mike,38,bank lend practic,14
harri wilson,38,york stock exchang,14
candid run,38,survei bank lend,14
olympia snow,38,opinion survei bank,14
democrat nation,38,stori situat room,13
copyright pressrepublican,38,white hous aid,13
paterson appoint,38,rep kendrick meek,13
recent week,38,cnn senior congression,13
cut spend,38,outlook safe democrat,13
democrat strategist,38,feder aviat administr,13
bill capp,38,democrat sen charl,13
state budget,38,jeff merklei oregon,13
regulatori reform,38,goldman sach june,13
regist voter,38,long island rep,13
iraq war,38,kill peopl american,13
peopl vote,38,end footnot comment,13
democrat polit,38,restor investor confid,13
top aid,38,barbara boxer california,13
push back,37,tonawanda ny distribut,13
issu statement,37,harri reid dnv,13
content servic,37,north tonawanda ny,13
seat york,37,new north tonawanda,13
inform content,37,tonawanda new north,13
servic inform,37,glen fall ny,13
republican governor,37,rep eliot engel,13
mass murder,37,httpwwwtonawandanewscom copyright tonawanda,13
rahm emanuel,37,newspap httpwwwtonawandanewscom copyright,13
chri lee,37,fox new end,13
dont understand,37,new end videotap,13
charli rangel,37,didnt respond request,13
clip matthew,37,schumer white hous,13
senat presid,37,bomb kill peopl,13
clip sen,37,subscrib newspap httpwwwtonawandanewscom,13
listen begin,37,china currenc manipul,13
eric holder,37,devlin barrett hyperlink,13
sen michael,37,committe hold hear,13
center respons,37,busi credit card,13
toni hayward,37,write devlin barrett,13
senat john,37,busi creat job,13
public offic,37,tonawanda new subscrib,13
servic mct,37,counti democrat chairman,13
servicesmctinfoservicescom call,37,downward price pressur,13
offer mcclatchytribun,37,resal dropsid crib,13
execut order,37,outlaw manufactur sale,13
releas scottish,37,call flight attend,13
independ voter,37,pedro espada jr,13
email servicesmctinfoservicescom,37,upper east side,13
year offic,37,adam clayton powel,13
republican congressman,37,cnn correspond voiceov,13
chairman democrat,37,polici procedur requir,13
hous pass,37,hous senat bill,13
world trade,37,senat harri reid,13
cell phone,37,nevada democrat parti,13
wwwmctinfoservicescom email,37,chri lee rclarenc,13
mr clinton,37,domest abus case,13
visit wwwmctinfoservicescom,37,quot otc bulletin,13
mct visit,37,andrew cuomo state,13
abc new,36,apr onlin hyperlink,13
pressrepublican plattsburgh,36,special elect fill,13
httpwwwpressrepublicancom copyright,36,author york jersei,13
senat call,36,releas scottish govern,13
newspap httpwwwpressrepublicancom,36,port author york,13
lot monei,36,product safeti commiss,13
nation polit,36,consum product safeti,13
pressrepublican subscrib,36,sen robert menendez,13
peopl countri,36,congressman joe dioguardi,13
year senat,36,presid obama make,13
plattsburgh ny,36,kirsten gillibrand seat,13
peopl live,36,bill clinton presid,13
rev al,36,price current nation,13
correspond wolf,36,bill de blasio,13
insur corpor,36,clean air act,13
rais question,36,jame zadroga health,13
counti democrat,36,secretari state clinton,13
run york,36,zadroga health compens,13
orrin hatch,36,govern concern slow,13
pass legisl,36,maximum loan amount,13
human right,36,sen lisa murkowski,13
back senat,36,msnbc polit analyst,13
economist david,36,end videotap blitzer,13
democrat congressman,36,video clip yellin,13
presid ceo,36,abdelbaset al megrahi,13
byron dorgan,36,harri reid call,13
race governor,36,major leader steni,13
show host,36,empir state pride,13
york jersei,36,citi mayor rudi,13
commerci interest,36,spend monei dont,13
elect offic,36,leader steni hoyer,13
govern account,36,rep michael mcmahon,13
record show,36,health reform pass,13
lead republican,36,blakeman presid offic,13
govern work,36,state pride agenda,13
tax break,36,state democrat chairman,13
pass health,36,state district columbia,13
break maddow,36,secretari tom vilsack,13
chairman ed,36,agricultur secretari tom,13
run democrat,36,price cover secur,13
oversight panel,36,treasur alexi giannoulia,13
mean committe,36,roland burri dill,13
grand juri,36,charl schumer frank,13
statewid offic,36,al megrahi releas,13
north countri,36,incumb democrat kirsten,13
gillibrand state,36,presid obama sign,13
foodborn ill,36,al megrahi freed,13
doesnt matter,36,unit state world,13
hold seat,36,rodham clinton resign,13
fourth quarter,36,commerci break king,13
congression seat,36,board otc market,12
carolin kennedi,35,york attornei gener,12
pick seat,35,bulletin board otc,12
balanc budget,35,end footnot propos,12
counti district,35,obama secretari state,12
unit nation,35,democrat parti primari,12
tea partier,35,gun control immigr,12
novemb elect,35,fox new sundai,12
al sharpton,35,prevent short sell,12
gener counsel,35,mari landrieu louisiana,12
make case,35,late sen daniel,12
york deleg,35,ben nelson nebraska,12
tax hike,35,elect full term,12
jame carvil,35,hous chief staff,12
million campaign,35,almegrahi releas scottish,12
run sen,35,white hous chief,12
quinnipiac univers,35,intradai price declin,12
post offic,35,paterson fill seat,12
abdelbaset almegrahi,35,civil right act,12
govern offici,35,presid chief execut,12
doesnt work,35,commerci break malveaux,12
reserv system,35,uk govern concern,12
sen blanch,35,public advoc bill,12
governor feder,35,kill peopl includ,12
announc candidaci,35,senat blanch lincoln,12
recoveri act,35,advoc bill de,12
full term,35,attornei gener democrat,12
tax revenu,35,rep charli rangel,12
seek reelect,35,presid obama senat,12
letter credit,35,hous energi commerc,12
ethic committe,35,work merril lynch,12
express concern,35,spill gulf mexico,12
financi market,35,deputi chief staff,12
candid democrat,35,biggest mass murder,12
blue dog,35,state senior senat,12
talk peopl,35,trial lower manhattan,12
fill seat,35,offshor oil drill,12
congression correspond,35,mass murder british,12
congressman harold,35,defens author bill,12
budget offic,35,murder british histori,12
nyse euronext,35,democrat martha coaklei,12
senat version,34,kirsten gillibrand elect,12
defens secretari,34,presid mahmoud ahmadinejad,12
clip king,34,intrepid seaairspac museum,12
support bill,34,senat lisa murkowski,12
mr klein,34,gov eliot spitzer,12
tv ad,34,april senior loan,12
freshman democrat,34,justic megrahi committe,12
mark kirk,34,temporari liquid guarante,12
credit small,34,liquid guarante program,12
care plan,34,jr tennesse congressman,12
blitzer let,34,replac hillari rodham,12
percent year,34,top stori situat,12
judg kara,34,lt gov bill,12
senat chuck,34,senior sen chuck,12
gillibrand support,34,footnot infra note,12
competit race,34,usa todai found,12
mr bloomberg,34,end regular trade,12
wait minut,34,ban samesex marriag,12
scottish justic,34,junior senat york,12
jack straw,34,gov bill halter,12
insur plan,34,end videotap baier,12
letter sifma,34,sen lindsei graham,12
campaign contribut,34,commerci break beck,12
polit career,34,urg obama administr,12
robert gate,34,discuss uk govern,12
martha coaklei,34,kirsten gillibrand frank,12
face primari,34,gillibrand frank lautenberg,12
year make,34,khalid sheikh moham,12
republican john,34,blitzer cnn anchor,12
long term,34,democrat chri coon,12
mccain rariz,34,natur resourc committe,12
race senat,34,kirsten gillibrand ford,12
tom coburn,34,final decis made,12
district includ,34,senat race year,12
highspe rail,34,doctor month live,12
job creat,34,khalid sheik moham,12
quinnipiac poll,34,republican candid governor,12
account offic,34,paterson sen kirsten,12
mr almegrahi,34,democrat republican senat,12
congression oversight,34,sen diann feinstein,12
clip blitzer,34,bash cnn senior,12
ford spokesman,34,econom stimulu packag,12
seat hous,34,credit suiss sept,12
life sentenc,34,llc date sept,12
good morn,34,capit june letter,12
loan small,34,fill hillari clinton,12
good luck,34,health care propos,12
deepwat horizon,34,oct onlin hyperlink,12
percent voter,34,poststar glen fall,12
postal servic,34,copyright poststar glen,12
mike castl,34,treasuri secretari timothi,12
senat bank,34,ban congress cpsc,12
financ committe,34,rule propos uptick,12
sen bill,34,dropsid crib ban,12
pact act,34,gillibrand spokesman glen,12
fort hood,34,date nov letter,12
gener eric,34,climat chang legisl,12
relief program,34,pound ground beef,12
senat state,34,fare hike hypocrit,12
bush tax,34,santa clara counti,12
counti legislatur,34,bank billion asset,12
tonawanda coke,34,free lockerbi bomber,12
brian higgin,34,ms gillibrand mr,12
