bigram,count,trigram,count
mark kirk,2346,end video clip,972
video clip,1942,begin video clip,959
tea parti,1897,rep mark kirk,667
health care,1698,presid barack obama,560
white hous,1583,treasur alexi giannoulia,401
presid obama,1482,health care reform,392
alexi giannoulia,1459,obama senat seat,366
barack obama,1300,state treasur alexi,292
senat seat,1297,presid unit state,269
unit state,1131,north lincolnshir council,266
small busi,1001,republican mark kirk,245
commerci break,985,gov pat quinn,244
end video,973,abc new oc,236
begin video,963,tea parti movement,230
republican parti,874,democrat alexi giannoulia,223
senat race,796,senat major leader,208
unidentifi male,756,video clip matthew,205
senat candid,737,leader harri reid,197
mr obama,699,major leader harri,176
rep mark,697,unit state senat,174
harri reid,677,health care bill,165
state treasur,641,candid alexi giannoulia,162
year ago,597,tea parti candid,157
attornei gener,576,mark kirk illinoi,156
presid barack,562,state attornei gener,154
sarah palin,518,small busi lend,153
republican candid,500,video clip maddow,150
wall street,497,barack obama senat,146
sharron angl,474,msnbc commerci break,145
north lincolnshir,473,video clip unidentifi,142
fox new,458,senat seat held,141
democrat candid,452,gov rod blagojevich,138
midterm elect,435,commerci break matthew,133
mr kirk,432,hardbal msnbc commerci,130
west virginia,431,republican rep mark,126
state senat,423,listen begin video,124
american peopl,421,candid mark kirk,123
obama administr,415,senior loan offic,121
gener elect,414,congressman mark kirk,120
treasur alexi,411,barack obama presid,120
obama senat,407,alexi giannoulia democrat,119
state sen,404,senat candid alexi,118
republican senat,403,san bernardino counti,117
vice presid,400,your watch hardbal,115
care reform,398,kirk highland park,115
democrat parti,387,republican senat candid,114
democrat senat,384,sen bill bradi,113
abc new,382,mark kirk republican,113
tax cut,378,intellig offic year,112
rod blagojevich,377,presid georg bush,111
democrat republican,376,polit action committe,110
pat quinn,374,watch hardbal msnbc,110
run senat,372,state sen bill,104
parti candid,362,democrat senat candid,102
chief staff,357,clip unidentifi male,102
poll show,353,green parti candid,101
seat held,350,abc new vo,101
christin odonnel,345,percent precinct report,101
major leader,343,mark kirk highland,101
unidentifi femal,334,obama presid unit,98
rand paul,329,senat candid mark,98
mr giannoulia,321,republican nation committe,97
crosstalk matthew,320,let listen begin,94
feder govern,319,back commerci break,94
elect dai,316,white hous correspond,94
lot peopl,310,wall street journal,94
georg bush,309,speaker nanci pelosi,91
broadwai bank,303,councillor mark kirk,90
suprem court,303,seat held presid,88
van susteren,300,tea parti activist,87
percent vote,297,video clip king,87
bill clinton,296,illinoi state treasur,87
john mccain,296,mcclatchytribun inform servic,85
hous repres,291,tea parti favorit,85
bill bradi,287,presid obama senat,83
lincolnshir council,283,nation republican senatori,82
congression district,282,gov charli crist,81
barbara boxer,282,democrat state treasur,81
presid unit,276,senatori campaign committe,79
senat major,275,msnbc polit analyst,78
governor race,270,democrat nation committe,78
republican democrat,266,feder deposit insur,77
creat job,265,bush tax cut,77
illinoi senat,260,scott lee cohen,76
democrat state,257,democrat senatori campaign,75
nanci pelosi,256,chicago inspector gener,75
secretari state,255,mark kirk leader,75
republican mark,250,leader north lincolnshir,75
famili bank,245,video clip olbermann,74
gov pat,245,matthew back hardbal,74
illinoi state,243,congression campaign committe,74
charli crist,243,republican senatori committe,73
lieuten governor,241,democrat congression campaign,73
percent percent,240,lincolnshir council leader,72
social secur,240,clip barack obama,72
south carolina,240,comptrol dan hyne,72
marco rubio,238,mark kirk run,71
hous seat,236,sen barbara boxer,71
new oc,236,kirk run senat,70
parti movement,235,chicago urban leagu,70
republican primari,235,video clip barack,70
highland park,234,giannoulia state treasur,70
nation republican,234,illinoi treasur alexi,69
illinoi republican,232,commerci break king,68
york time,229,small busi owner,68
scott brown,228,sen dick durbin,68
carli fiorina,227,sen john mccain,68
hous senat,224,kirk leader north,68
democrat alexi,224,final form updat,67
special elect,223,mark kirk rill,67
state rep,222,copi final form,67
clip matthew,221,transcript copi final,67
washington dc,221,rush transcript copi,67
republican win,219,presid bill clinton,66
rais monei,217,break matthew back,65
dont dont,216,mark steven kirk,65
senat democrat,216,nation republican congression,65
joe sestak,215,commerci break maddow,65
onlin hyperlink,215,republican congression committe,64
militari record,215,sen michael bennet,64
candid senat,213,white hous offici,64
member congress,210,illinoi senat candid,63
democrat primari,208,senat seat illinoi,63
john boehner,208,obama white hous,63
intellig offic,207,illinoi republican parti,63
tax increas,207,inspector gener david,62
begin videotap,202,mark kirk democrat,62
polit analyst,201,gener david hoffman,61
campaign committe,201,senior white hous,61
hous speaker,201,gener lisa madigan,60
end videotap,200,stai commerci break,60
roland burri,198,illinoi senat seat,60
state attornei,198,attornei gener lisa,59
oil spill,197,cook polit report,59
leader harri,197,vote health care,59
al qaeda,194,distribut mcclatchytribun inform,58
nation committe,192,talk show host,58
web site,191,navi intellig offic,57
green parti,190,bui sell hold,57
pat toomei,189,alexi giannoulia republican,57
joe miller,189,vice presid biden,57
republican rep,187,governor rod blagojevich,56
senat republican,185,commerci break begin,56
home state,184,hous speaker nanci,56
democrat incumb,183,white hous press,56
counti board,182,leader john boehner,55
mike castl,182,feder elect commiss,55
real estat,182,rep joe sestak,54
million dollar,182,ladi michel obama,54
feder reserv,181,giannoulia famili bank,54
kirk republican,180,polit scienc professor,54
washington post,178,highland park republican,54
race republican,178,break begin video,53
vote republican,178,senior polit analyst,53
hous democrat,178,rep mike castl,53
campaign trail,178,hous minor leader,53
daili herald,177,state board elect,53
michel obama,176,term percent outlook,52
past year,175,supervisor paul bian,52
gop candid,175,video clip sen,52
vote democrat,175,video clip obama,52
kirk illinoi,174,republican candid senat,52
russ feingold,174,tea parti express,52
michael bennet,174,ahead commerci break,51
control hous,174,harri reid nevada,51
hous republican,174,come commerci break,51
health insur,171,democrat gov pat,50
chamber commerc,171,sen roland burri,50
patti murrai,170,fox new contributor,50
care bill,168,small busi administr,50
incom tax,167,small busi loan,50
militari servic,167,radio talk show,50
seat republican,166,republican congressman mark,50
joe biden,166,illinoi senat race,50
obama presid,166,town hall meet,50
rais tax,165,republican state sen,49
nation secur,164,presid joe biden,49
let listen,164,commerci break velshi,49
climat chang,163,hous press secretari,48
candid alexi,163,alexi giannoulia illinoi,48
hous race,163,illinoi attornei gener,48
kirk campaign,162,convers panel staff,48
capitol hill,162,state sen kirk,48
obama seat,161,sen kirk dillard,48
good even,161,world war ii,48
busi lend,161,video clip schultz,47
linda mcmahon,160,suprem court justic,47
seat democrat,160,georg stephanopoulo abc,47
mr blagojevich,159,health care plan,47
week ago,159,vice presid joe,47
chri matthew,159,chri van hollen,47
long time,158,repres mark kirk,47
meg whitman,157,video clip rep,47
ken buck,157,leader mark kirk,47
san bernardino,157,council leader mark,46
peopl dont,156,deposit insur corpor,46
goldman sach,156,commerci break hanniti,46
illinoi democrat,156,held presid barack,46
clip maddow,156,commerci break blitzer,46
karl rove,154,parti tea parti,46
open seat,154,held presid obama,46
state illinoi,154,coloni partner lp,46
answer question,154,sawyer abc new,45
offic year,153,obama health care,45
high school,153,tea parti republican,45
what happen,152,oppon alexi giannoulia,45
giannoulia democrat,150,sen patti murrai,45
let talk,150,gener richard blumenth,45
david hoffman,149,commerci break olbermann,45
north dakota,148,rep melissa bean,45
clip unidentifi,147,control hous repres,45
district attornei,147,unit state america,45
close race,146,sen arlen specter,45
jerri brown,146,attornei gener richard,45
your watch,146,real estat develop,45
democrat rep,146,senat minor leader,45
moder republican,145,dian sawyer abc,45
msnbc commerci,145,commerci break lemon,45
joe manchin,145,public polici poll,45
dan seal,144,seat held democrat,45
govern spend,143,video clip hanniti,45
democrat sen,143,stephanopoulo abc new,44
democrat nomine,143,hous chief staff,44
republican challeng,142,repeal health care,44
republican state,142,white hous chief,44
giannoulia campaign,142,moran abc new,44
control senat,142,health care law,44
republican leader,142,mr obama senat,44
republican oppon,142,good even im,44
blanch lincoln,141,terri moran abc,44
republican nomine,141,senat barbara boxer,44
loan offic,141,straight ahead commerci,43
minor leader,141,rand paul kentucki,43
gubernatori candid,140,tea parti group,43
democrat run,140,open senat seat,43
chicago tribun,140,senat seat democrat,43
gov rod,140,nation committe chairman,43
richard blumenth,140,univers illinoi springfield,43
rais million,140,alexi giannoulia state,43
state republican,140,republican tea parti,43
cheer applaus,139,giannoulia republican mark,42
supra note,139,begin audio clip,42
republican congressman,139,senat seat republican,42
mitch mcconnel,139,leader mitch mcconnel,42
illinoi voter,138,kirk democrat alexi,42
republican run,138,small busi credit,42
gop senat,138,win senat seat,42
hardbal msnbc,137,polit scientist univers,42
tea partier,137,cllr mark kirk,42
republican vote,137,sen dan rutherford,42
tv ad,136,kirk fiveterm congressman,42
inspector gener,136,gov joe manchin,42
race democrat,136,urban leagu presid,41
break matthew,135,counti board district,41
lake counti,135,state rep juli,41
illinoi treasur,135,rep juli hamo,41
month ago,134,feder reserv bank,41
arlen specter,134,obama home state,41
middl class,134,illinoi rep mark,41
gop primari,134,republican pat toomei,41
candid mark,133,bill bradi bloomington,40
privat sector,133,mark kirk senat,40
state hous,133,senat race democrat,40
run presid,132,sen blanch lincoln,40
back hardbal,132,state sen dan,40
democrat oppon,132,world trade center,39
funer home,132,khalid sheikh moham,39
listen begin,132,sharron angl nevada,39
elect cycl,130,senat russ feingold,39
approv rate,130,fox new sundai,39
elect democrat,129,supervisor gari ovitt,39
state democrat,129,alexi giannoulia mark,39
elect year,128,report supra note,39
tight race,128,separ church state,39
incumb democrat,128,democrat candid senat,38
young peopl,128,attornei gener jim,38
republican nation,128,congression budget offic,38
parti leader,127,senat seat vacat,38
public option,127,ovitt chief staff,38
cook counti,127,embellish militari record,38
job creation,127,senat race republican,38
recent poll,126,video clip todd,38
sen bill,125,percent vote count,38
precinct report,125,sen russ feingold,37
elect republican,125,part cook lake,37
novemb elect,125,care reform bill,37
spend monei,124,rep bill foster,37
ronald reagan,124,tea parti support,37
ron johnson,124,clip unidentifi femal,37
senior loan,123,gener jim ryan,37
democrat seat,123,judi baar topinka,37
sen john,123,end audio clip,37
lo angel,123,leagu presid cheryl,37
watch hardbal,123,scunthorp telegraph new,36
bush administr,122,district includ part,36
busi owner,122,seat hous repres,36
dick durbin,122,repres mark steven,36
congressman mark,122,counti administr offic,36
mr gibb,122,run senat seat,36
win seat,122,minor leader john,36
polit report,121,extend unemploy benefit,36
good new,121,todai scunthorp telegraph,36
democrat nation,120,alexi giannoulia run,36
washington state,119,bui todai scunthorp,36
candid governor,119,senat harri reid,35
vote count,119,stori bui todai,35
make differ,119,full stori bui,35
year republican,119,colleg save program,35
republican hous,118,thomson correct center,35
presidenti elect,118,board governor feder,35
fiscal conserv,118,credit small busi,35
unemploy rate,118,repeal dont dont,35
st loui,118,governor feder reserv,35
peopl vote,118,republican candid governor,35
jon stewart,118,bank own famili,35
polit action,117,democrat joe sestak,35
illeg immigr,117,sarah palin alaska,35
elect offici,117,health care legisl,35
work hard,117,republican parti chairman,34
bernardino counti,117,democrat oppon alexi,34
kirk run,117,dont dont polici,34
york citi,116,rep roi blunt,34
hous member,116,race presid barack,34
presid georg,116,congression oversight panel,34
kirk highland,116,west virginia senat,34
democrat lose,116,mark kirk chief,34
kendrick meek,115,chri matthew host,34
poll close,115,hull humber chamber,34
elect senat,115,commerci real estat,34
lisa murkowski,114,rasmussen report poll,34
control congress,114,includ part cook,34
democrat leader,113,barack obama seat,34
billion dollar,113,democrat candid state,34
street journal,113,attornei jacob meister,34
matthew back,113,hous seat senat,34
move forward,113,democrat candid alexi,34
committe chairman,113,health care system,34
council leader,113,let plai hardbal,34
rep john,113,marco rubio florida,34
dino rossi,112,feder reserv system,34
democrat gov,112,humber chamber commerc,34
race senat,112,tea parti favourit,33
campaign manag,112,chairman gari ovitt,33
percent precinct,112,senat michael bennet,33
republican governor,112,democrat dan seal,33
seat senat,111,survei senior loan,33
senat primari,111,congression district seat,33
cap trade,111,coupl week ago,33
action committe,111,develop coloni partner,33
north carolina,111,conserv tea parti,33
state govern,110,health care cost,33
independ voter,110,robert abc new,33
gulf mexico,110,commerci break asman,33
newt gingrich,110,offic year award,33
senat nomine,110,washington bureau chief,33
dan hyne,109,hous financi servic,33
public polici,109,barbara boxer california,32
roi blunt,109,governor pat quinn,32
health reform,109,alexi giannoulia senat,32
obama democrat,109,presid obama democrat,32
make sens,109,plai hardbal good,32
democrat hold,108,hardbal good even,32
win senat,108,gener eric holder,32
democrat vote,108,stem cell research,32
lot monei,108,republican bill bradi,32
ed show,108,attornei gener eric,32
candid state,107,deputi polit director,32
robin carnahan,107,presid obama seat,32
rahm emanuel,107,chicago ag busi,32
reform bill,107,republican ken buck,32
town hall,107,giannoulia democrat candid,32
matthew let,107,home state illinoi,32
exit poll,106,giannoulia mark kirk,32
la vega,106,cnn senior polit,31
percentag point,106,milwauke av suit,31
laughter matthew,106,group milwauke av,31
hillari clinton,106,suit glenview il,31
budget deficit,106,permiss group milwauke,31
new confer,106,partner jeff burum,31
execut director,105,write permiss group,31
primari elect,105,mayor richard dalei,31
candid run,105,av suit glenview,31
presidenti candid,104,fax write permiss,31
kirk democrat,104,video clip phillip,31
polit parti,104,send fax write,31
held presid,104,glenview il usa,31
chri coon,103,call send fax,31
democrat strategist,103,tmsreprintspermissionsgroupcom call send,31
john raes,103,gop senat candid,31
peopl work,103,social secur medicar,31
john king,103,jake tapper abc,31
jim demint,103,email tmsreprintspermissionsgroupcom call,31
tax break,102,tapper abc new,31
michael steel,102,harri reid senat,31
men women,102,council leader councillor,31
congression candid,101,reprint email tmsreprintspermissionsgroupcom,31
new vo,101,st clair counti,31
deposit insur,101,held barack obama,31
hous correspond,101,bill foster batavia,31
cnn correspond,101,servic reprint email,31
univers illinoi,101,inform servic reprint,31
make decis,101,christin odonnel delawar,31
presid bush,100,deposit insur corp,31
republican nomin,100,advis david axelrod,31
school district,100,climat chang bill,31
special interest,99,republican ron johnson,31
run governor,99,staff rahm emanuel,30
insur compani,99,sen lisa murkowski,30
held democrat,99,support tea parti,30
tax credit,99,parti republican candid,30
primari challeng,99,ill distribut mcclatchytribun,30
guantanamo bai,99,state hous speaker,30
seat vacat,98,steven kirk republican,30
race countri,98,servic employe intern,30
hold seat,98,scott brown massachusett,30
board supervisor,98,asset relief program,30
bill foster,98,chief staff rahm,30
super bowl,98,troubl asset relief,30
republican gain,98,republican dino rossi,30
lead democrat,98,barack obama democrat,30
spent million,97,candid state treasur,30
polit scienc,97,presid home state,30
seat illinoi,97,candid rep mark,30
jack conwai,97,republican sharron angl,30
congression campaign,97,onlin hyperlink access,30
state budget,97,nbc meet press,30
blue state,97,time ed show,30
republican congression,97,recent poll show,30
democrat governor,96,roland burri appoint,30
healthcar reform,96,even im chri,30
hous district,96,local enterpris partnership,30
talk show,96,coloni comanag partner,30
congressman kirk,96,fox new host,30
bottom line,96,attornei gener offic,30
state union,96,state republican parti,30
van hollen,96,nomine alexi giannoulia,30
net gain,95,kirk chief staff,30
board member,95,sen jim demint,30
parti activist,95,rep jan schakowski,30
chanc win,95,secretari state hillari,30
republican side,95,tea parti event,30
democrat control,94,state comptrol dan,30
kirk giannoulia,94,illinoi gov pat,30
state local,94,republican parti tea,29
support democrat,94,exagger militari record,29
immigr reform,94,supervisor neil derri,29
senat illinoi,94,gov jim edgar,29
back commerci,94,im chri matthew,29
tomorrow night,93,show ed schultz,29
oil compani,92,republican control hous,29
chief execut,92,district counti board,29
margin error,92,illinoi state board,29
parti republican,92,rep kendrick meek,29
press secretari,92,comanag partner jeff,29
district seat,92,extend bush tax,29
democrat congression,92,republican pick seat,29
poll number,92,region develop agenc,29
republican senatori,92,ed show ed,29
elect night,91,polit team televis,29
speaker nanci,91,state senat race,29
justic depart,91,melissa bean barrington,29
interest rate,91,state local prosecutor,29
candid illinoi,91,commerci break schultz,29
year democrat,90,seat held barack,29
law enforc,90,democrat jack conwai,29
councillor mark,90,arm servic committe,29
evan bayh,90,employe intern union,28
republican hope,90,chairman andi mckenna,28
republican district,90,scientist univers illinoi,28
state depart,90,republican governor associ,28
jim lehrer,90,senat blanch lincoln,28
cnn anchor,89,ed schultz rush,28
let start,89,schultz rush transcript,28
giannoulia famili,89,york time report,28
lose seat,89,republican john raes,28
end dai,89,assessor bill postmu,28
pai attent,89,new busi economi,28
run offic,88,governor joe manchin,28
illinoi governor,88,rothenberg polit report,28
million million,87,rep debbi halvorson,28
elect presid,87,pass health care,28
rep mike,87,call unit state,28
wolf blitzer,87,cook lake counti,28
statewid offic,87,saturdai night live,28
clip king,87,suprem court decis,28
financi institut,87,crosstalk unidentifi male,28
earli vote,87,chairman pat bradi,28
saturdai night,87,greta van susteren,28
cnn senior,87,white hous advis,28
inform servic,87,herald editori board,28
year year,87,video clip asman,28
cut spend,87,cnbc market wrap,27
obama campaign,86,gov ted strickland,27
robert dold,86,seat democrat hand,27
senat campaign,86,republican senat primari,27
lt gov,86,health care overhaul,27
sale tax,86,cnbc correspond im,27
close call,86,board supervisor chairman,27
million peopl,86,face primari challeng,27
poll suggest,85,inform servic inform,27
repres mark,85,seat vacat presid,27
coloni partner,85,fox new project,27
rob portman,85,servic inform content,27
arlington height,85,harri reid sharron,27
democrat hope,85,cheer applaus matthew,27
democrat side,85,illinoi alexi giannoulia,27
cheryl jackson,85,spokeswoman kirsten kukowski,27
pick seat,85,unit state call,27
mcclatchytribun inform,85,support health care,27
parti favorit,85,servic mct visit,27
rhode island,84,daili herald editori,27
prime minist,84,harri reid dnev,27
peopl illinoi,84,presid joseph biden,27
he run,84,reid sharron angl,27
treasur offic,84,republican senat nomine,27
candid republican,84,counti district attornei,27
thing happen,84,tea parti convent,27
giannoulia kirk,83,inform content servic,27
gari ovitt,83,chuck todd nbc,27
common sens,83,servicesmctinfoservicescom call unit,27
polit scientist,83,content servic offer,27
bush tax,82,mark kirk congressman,27
ed schultz,82,pat quinn democrat,27
senior polit,82,alexi giannoulia chicago,27
earlier year,82,hit campaign trail,27
dai elect,82,servic offer mcclatchytribun,27
toni rezko,82,email servicesmctinfoservicescom call,27
recent year,82,offer mcclatchytribun inform,27
gov charli,81,wwwmctinfoservicescom email servicesmctinfoservicescom,27
good thing,81,lend small busi,27
presidenti campaign,81,visit wwwmctinfoservicescom email,27
democrat senatori,81,dow jone industri,27
republican john,80,sen harri reid,27
senatori campaign,80,mct visit wwwmctinfoservicescom,27
race governor,80,inform servic mct,27
giannoulia state,80,cash hand million,27
senat john,80,leader councillor mark,27
keith olbermann,80,laughter end video,26
republican strategist,80,democrat chri coon,26
andi mckenna,80,cinco de mayo,26
leader north,80,run public offic,26
race illinoi,80,govern budget million,26
msnbc polit,80,health human servic,26
glenn beck,80,obama approv rate,26
gain seat,80,assessor jim erwin,26
kirk dillard,80,assist assessor jim,26
polit director,79,palin alaska governor,26
pretti good,79,richard blumenth democrat,26
democrat major,79,minor leader mitch,26
point lead,79,republican scott brown,26
chicago suntim,79,great american panel,26
good job,79,support abort right,26
audio clip,79,oper iraqi freedom,26
lisa madigan,79,illinoi republican mark,26
judi woodruff,79,net gain seat,26
campaign financ,79,fan realworld poll,26
financi servic,79,lt gov lee,26
seat hous,78,speaker denni hastert,26
republican seat,78,health care debat,26
democrat hous,78,bernard schoenburg polit,26
gop nomine,78,wall street reform,26
kirk leader,78,chief staff mark,25
balanc budget,78,gov lee fisher,25
meet press,78,fox new correspond,25
fiveterm congressman,78,senat seat obama,25
seek reelect,78,columnist state journalregist,25
bath hall,78,governor sarah palin,25
senatori committe,78,vice presid joseph,25
campaign ad,78,senat patti murrai,25
american polit,77,member hous repres,25
minimum wage,77,state journalregist reach,25
chicago inspector,77,north east lincolnshir,25
urban leagu,77,develop patrick hugh,25
scott lee,77,presid vice presid,25
feder deposit,77,feb onlin hyperlink,25
big deal,77,republican district counti,25
senat bill,77,republican marco rubio,25
nevada senat,77,barbara boxer carli,25
editori board,77,south humber bank,25
sen barbara,77,hous major leader,25
win elect,77,percent small busi,25
coupl week,77,mark kirk campaign,25
state repres,77,polit columnist state,25
competit race,77,staff mark kirk,25
lead republican,77,privat sector job,25
dan rutherford,77,south humber gatewai,25
congression committe,77,treasuri convers panel,25
governor offic,76,vice presid unit,25
feb primari,76,kirk alexi giannoulia,25
vote bill,76,republican rand paul,25
chuck todd,76,feder corrupt charg,25
kirk vote,76,democrat kendrick meek,25
run republican,76,nevada harri reid,25
lee cohen,76,secretari robert gibb,25
cash hand,76,quinn lieuten governor,25
clip olbermann,76,sen scott brown,25
coupl year,76,press secretari robert,25
rate percent,75,fiscal conserv social,24
bright start,75,candid lealan jone,24
bill pass,75,peter roskam wheaton,24
rush limbaugh,75,state senat seat,24
illinoi hous,75,patti murrai washington,24
bad new,75,bill clinton presid,24
televis ad,75,univers illinoi chicago,24
race state,75,oppon rep mark,24
face tough,75,senat candid joe,24
race close,75,republican net gain,24
david axelrod,75,barack obama won,24
speaker hous,74,senat john mccain,24
robert gibb,74,commerci break phillip,24
dead heat,74,onlin hyperlink hereinaft,24
comptrol dan,74,famili broadwai bank,24
district includ,74,cost health care,24
global warm,74,journalregist reach bernardschoenburgsjrcom,24
democrat district,74,judi biggert hinsdal,24
lake michigan,74,district attornei offic,24
dont care,74,loan offic opinion,24
chri cillizza,74,offic opinion survei,24
patrick hugh,74,hillari rodham clinton,24
win race,74,includ pac cash,24
im talk,74,pac cash hand,24
republican support,74,cnbc busi worldwid,24
melissa bean,74,clip matthew wow,24
vote vote,73,busi worldwid back,24
end year,73,tea parti peopl,24
gop leader,73,competit hous race,24
tax rate,73,joe miller alaska,24
campaign contribut,73,schoenburg polit columnist,24
spend time,73,guantanamo bai detaine,24
senat hous,73,chairman michael steel,24
transcript copi,73,republican win hous,24
michel bachmann,73,school district proposit,24
dick chenei,73,democrat sen barbara,24
yorkshir forward,73,senat candid illinoi,24
credit card,73,osama bin laden,24
citi council,73,candid sharron angl,24
cut tax,73,republican gubernatori candid,24
chicago democrat,73,biden vice presid,24
peopl peopl,72,attornei michael ramo,23
republican pick,72,mark kirk ill,23
rep joe,72,poll margin error,23
unemploy benefit,72,dai elect dai,23
clip barack,72,peoton bank trust,23
conserv republican,72,gener elect campaign,23
gubernatori race,72,lincoln park save,23
dont understand,71,park save bank,23
sen michael,71,chief financi offic,23
tax hike,71,professor polit scienc,23
san francisco,71,scienc professor univers,23
peopl make,71,coupl year ago,23
public offic,71,reid senat major,23
report show,71,panel staff mar,23
democrat presid,71,gov sarah palin,23
preexist condit,71,southern illinoi univers,23
giannoulia illinoi,71,loan small busi,23
rasmussen report,71,district attornei michael,23
jim ryan,71,rancho cucamonga develop,23
run democrat,71,deposit insur fund,23
conserv group,71,broadwai bank own,23
mitt romnei,71,mclean counti board,23
state board,71,mark kirk moder,23
top hour,70,speaker marco rubio,23
financi crisi,70,vote mark kirk,23
financi reform,70,panel staff apr,23
illinoi polit,70,lieuten governor candid,23
commun bank,70,feder bureau prison,23
counti supervisor,70,senat bill bradi,23
nbc new,70,nomine mark kirk,23
big govern,70,blanch lincoln arkansa,23
vote senat,70,governor charli crist,23
full term,70,novemb gener elect,23
support presid,70,giannoulia rep mark,23
kirk rill,70,ceo carli fiorina,23
vote health,70,alexi giannoulia rep,23
big issu,70,waiv attorneycli privileg,23
rachel maddow,70,polit militari servic,23
contribut report,70,gulf oil spill,23
scunthorp telegraph,70,mark kirk fiveterm,23
sen dick,70,hinsdal real estat,22
chicago urban,70,world wrestl entertain,22
major hous,69,presid senat seat,22
time year,69,kirk republican candid,22
democrat nomin,69,postmu assist assessor,22
lead poll,69,vote presid obama,22
ted strickland,69,candid christin odonnel,22
past month,68,center respons polit,22
congression race,68,hundr thousand dollar,22
democrat face,68,deputi chief staff,22
administr offici,68,sen evan bayh,22
gener david,68,worldwid back hardbal,22
nation polit,68,back tea parti,22
district republican,68,obama vice presid,22
final form,68,hous republican leader,22
giannoulia republican,68,seat senat seat,22
candid democrat,68,secur exchang commiss,22
presid bill,68,senior congression correspond,22
made clear,68,senat seat presid,22
mark steven,68,speaker newt gingrich,22
break king,68,jan schakowski evanston,22
amount monei,67,rep beth coulson,22
latest poll,67,state rep beth,22
form updat,67,speaker michael madigan,22
copi final,67,tonight big number,22
robin kelli,67,unidentifi male dont,22
great lake,67,nevada senat major,22
rush transcript,67,democrat republican independ,22
civil right,67,white hous presid,22
percent american,67,hous appropri committe,22
wait minut,67,video clip baier,22
phone call,67,lose senat seat,22
job job,67,great great american,22
moder democrat,67,secretari state jess,22
parti chairman,67,state jess white,22
term percent,67,ceo toni hayward,22
top stori,67,foreign relat committe,22
georg stephanopoulo,67,unidentifi male unidentifi,22
middl east,66,poll show democrat,22
vote favor,66,democrat white hous,22
parti support,66,mingl polit militari,22
republican control,66,rep paul hode,22
senat hope,66,improperli mingl polit,22
stimulu packag,66,democrat health care,22
coast guard,65,jim demint south,22
hous offici,65,break matthew finish,22
show host,65,poll show republican,22
democrat congressman,65,commerci break baier,22
civil war,65,support presid obama,22
voter fraud,65,parti candid lealan,22
busi loan,65,mike castl delawar,22
stimulu bill,65,novemb midterm elect,22
elect campaign,65,demint south carolina,22
campaign season,65,control hous senat,22
jacob meister,65,rep pat toomei,22
crosstalk king,65,republican win seat,21
obama white,65,kentucki rand paul,21
break maddow,65,charli crist florida,21
good morn,65,fill senat seat,21
democrat democrat,65,john boehner ohio,21
homeland secur,65,midterm elect year,21
kirk senat,65,white hous obama,21
steven kirk,65,republican run senat,21
feder court,65,peopl back work,21
hundr thousand,65,illinoi state fair,21
kelli ayott,64,extend tax cut,21
hous minor,64,matthew finish tonight,21
obama agenda,64,fanni mae freddi,21
state state,64,oil spill gulf,21
republican establish,64,matthew let talk,21
campaign spokeswoman,64,hold senat seat,21
board elect,64,kirk li war,21
alex sink,64,run full term,21
district incumb,64,senat republican leader,21
lean democrat,64,boxer carli fiorina,21
feder elect,64,reform health care,21
candid rep,64,matthew crosstalk matthew,21
rais question,64,democrat pat quinn,21
kirk fiveterm,64,small busi financ,21
support republican,64,chairman republican nation,21
back work,64,ken buck colorado,21
swing state,64,good new democrat,21
congression seat,63,incom tax increas,21
show republican,63,democrat run senat,21
peopl countri,63,mr giannoulia mr,21
new busi,63,break commerci break,21
social issu,63,kirk democrat oppon,21
republican percent,63,alaska gov sarah,21
polit activ,63,estat develop patrick,21
gov candid,63,unit methodist church,21
time peopl,63,kirk moder republican,21
pai tax,63,suprem court rule,21
state journalregist,63,kent redfield polit,21
democrat voter,63,state sen randi,21
tom perriello,63,rep chri van,21
parti nomin,63,unidentifi male dominick,21
iraq war,63,rod blagojevich impeach,21
told report,63,oppos health care,21
joe lieberman,63,democrat senat nomine,21
talk peopl,62,fox new anchor,21
humber bridg,62,state incom tax,21
club growth,62,commerci break holm,21
candid race,62,lock tight race,21
run independ,62,giannoulia senior loan,21
come back,62,dillard bill bradi,21
ali velshi,62,senat democrat leader,21
press confer,62,florida gov charli,21
naval reserv,62,dick durbin dill,21
nov elect,62,sell senat seat,21
halei barbour,62,cheryl robinson jackson,21
hard time,62,win gener elect,21
young voter,62,race close call,21
attack ad,62,debbi wasserman schultz,21
decid run,62,illinoi mark kirk,20
abort right,62,committe foreign affair,20
tuesdai night,62,hardbal colleg tour,20
fellow democrat,62,mayor rudi giuliani,20
don lemon,62,unidentifi male im,20
fourth quarter,62,alexi giannoulia famili,20
local govern,62,senat scott brown,20
campaign democrat,62,delawar senat candid,20
regist voter,62,hear small busi,20
state comptrol,62,mark kirk alexi,20
ed henri,62,chicago suntim kirk,20
cook polit,62,job job job,20
repeal health,62,republican oppon rep,20
ron paul,61,van susteren fox,20
cast ballot,61,dr sanjai gupta,20
obama won,61,bank billion asset,20
sen robert,61,senat seat occupi,20
matthew your,61,democrat alex sink,20
john kasich,61,missouri hous district,20
public school,61,video clip hay,20
coupl dai,61,susteren fox new,20
dont peopl,61,seat held republican,20
matthew dont,61,julia boorstin cnbc,20
doesnt matter,61,state gop chairman,20
primari voter,61,di oct servic,20
giannoulia run,61,senat john cornyn,20
dai dai,61,sell hold text,20
bui sell,61,unit state govern,20
vote record,61,male unidentifi male,20
john kerri,61,capit gain tax,20
run reelect,61,nation republican parti,20
senior white,61,missouri secretari state,20
make case,61,wai mean republican,20
town centr,61,senat evan bayh,20
terror suspect,60,state hillari clinton,20
gener lisa,60,illinoi democrat senat,20
polic offic,60,senat roland burri,20
bank trust,60,mae freddi mac,20
million american,60,vice presidenti candid,20
back home,60,told daili herald,20
spend million,60,dan rutherford chenoa,20
stai commerci,60,bill bradi republican,20
solv problem,60,vy senat seat,20
good idea,60,run senat illinoi,20
win republican,60,district open seat,20
senat elect,60,senat seat governor,20
state legislatur,60,interest rate spread,20
poll found,60,sen john cornyn,20
bank lend,60,humber bridg board,20
rancho cucamonga,60,carli fiorina california,20
race presid,59,professor univers illinoi,20
loan program,59,begin videotap unidentifi,20
nation debt,59,lame duck session,20
point republican,59,democrat sen michael,20
paul bian,59,consult dan seal,19
district democrat,59,rep tom perriello,19
year elect,59,republican congression candid,19
republican independ,59,coki robert abc,19
serv vietnam,59,republican rob portman,19
billion year,59,mayor michael bloomberg,19
elect commiss,59,simpli misrememb wrong,19
bank million,59,hull citi council,19
nation parti,59,exit poll data,19
properti tax,59,mitch mcconnel rky,19
poll releas,59,presid cheryl robinson,19
hous major,59,presid approv rate,19
colleg save,59,joe sestak democrat,19
decis made,59,organ tea parti,19
debbi halvorson,59,hedg fund manag,19
alaska governor,58,ten million dollar,19
run mate,58,mark kirk gop,19
your talk,58,spill gulf mexico,19
spend cut,58,race senat seat,19
hous bill,58,david hoffman chicago,19
face challeng,58,fox busi network,19
break begin,58,hold statewid offic,19
state parti,58,chairman democrat congression,19
governor senat,58,militari intellig associ,19
straight ahead,58,obama illinoi senat,19
distribut mcclatchytribun,58,senat lisa murkowski,19
dont vote,58,wall street bailout,19
final week,58,reserv intellig offic,19
corrupt charg,58,manchin west virginia,19
democrat race,58,oppon mark kirk,19
john cornyn,58,voter head poll,19
senat presid,58,john mccain arizona,19
state legisl,58,nation militari intellig,19
sen dan,58,sen kirsten gillibrand,19
lindsei graham,57,east ride council,19
death penalti,57,sen randi hultgren,19
monei spent,57,state robin carnahan,19
polit ad,57,midterm elect republican,19
bill postmu,57,real estat loan,19
recent week,57,offici burial follow,19
daili show,57,secretari state robin,19
world war,57,state union address,19
back republican,57,midterm elect democrat,19
republican year,57,video clip odonnel,19
gai marriag,57,judg don loweri,19
major senat,57,street journal poll,19
kind thing,57,financi regulatori reform,19
toni hayward,57,field hear small,19
mr presid,57,face tough challeng,19
correspond voiceov,57,mari jo kilroi,19
presid biden,57,hous speaker michael,19
member hous,57,hardbal time ed,19
lot thing,57,run presid obama,19
lot time,57,nation health care,19
challeng republican,57,rep brad ellsworth,19
navi intellig,57,candid bill bradi,19
sell hold,57,applaus end video,19
reid nevada,57,financi servic hous,19
state gop,56,committe small busi,19
governor state,56,st term percent,19
number peopl,56,small busi committe,19
gener assembl,56,giannoulia democrat nomine,19
big number,56,washington lead tonight,19
hous press,56,civil right act,19
park republican,56,hous speaker marco,19
im glad,56,gloria borger cnn,19
major parti,56,rep john boozman,19
congression elect,56,alexi giannoulia kirk,19
peopl talk,56,chief execut offic,19
conserv candid,56,white hous polit,18
republican leadership,56,debt settlement compani,18
primari race,56,nevada senat race,18
liber democrat,56,bank trust compani,18
dian sawyer,56,state treasur giannoulia,18
foreign affair,56,democrat lose seat,18
governor rod,56,alexi giannoulia campaign,18
eric holder,56,offic naval reserv,18
eric cantor,56,mb financi bank,18
afghanistan iraq,56,sharron angl republican,18
subscrib newspap,56,missouri roi blunt,18
senat vote,56,hous small busi,18
andi martin,55,spokesman david wert,18
win hous,55,percent outlook lean,18
sean hanniti,55,homeland secur correspond,18
lean republican,55,counti spokesman david,18
suburban district,55,senat nomine mark,18
juli hamo,55,nevada sharron angl,18
south side,55,mr gibb dont,18
mr giannouliass,55,sen clair mccaskil,18
leader john,55,rep peter roskam,18
senat state,55,cynthia mcfadden abc,18
candid parti,55,presid cheryl jackson,18
democrat percent,55,mcfadden abc new,18
fiscal respons,55,angl tea parti,18
matthew im,55,govern account offic,18
new polit,55,ed henri cnn,18
ladi michel,55,video clip lemon,18
counti clerk,55,hous wai mean,18
blagojevich trial,55,republican primari senat,18
chicago area,55,militari dont dont,18
take place,55,leagu conserv voter,18
send messag,55,chri matthew washington,18
lee fisher,55,russ feingold wisconsin,18
new releas,55,senat seat mr,18
nation democrat,55,john boehner rohio,18
peopl live,54,tea parti ralli,18
senatori candid,54,exgov rod blagojevich,18
christma dai,54,sen mitch mcconnel,18
percent democrat,54,democrat robin kelli,18
month year,54,minut past hour,18
voter vote,54,senat race state,18
peter roskam,54,final week campaign,18
win back,54,west virginia democrat,18
scienc professor,54,sen robert bennett,18
lose job,54,kirk democrat state,18
bureau chief,54,raw exit poll,18
bank failur,54,oversight report supra,18
trail republican,54,senat bank committe,18
rep bill,54,latest polit new,18
charli cook,54,senat race illinoi,18
immigr law,54,south carolina republican,18
win democrat,54,republican robert dold,18
obama held,54,rep phil hare,18
face republican,54,busi lend market,18
republican tea,54,bank lend practic,18
poll republican,54,paul hamann electr,18
activ duti,54,show jon stewart,18
navi reserv,54,republican win senat,18
north shore,54,special elect pennsylvania,18
final dai,53,serv oper iraqi,18
open senat,53,gibb white hous,18
polit campaign,53,john mccain rariz,18
south humber,53,robert gibb white,18
point view,53,reserv bank york,18
sen candid,53,vacat presid obama,18
democrat dont,53,rob portman ohio,18
bank loan,53,california barbara boxer,18
busi credit,53,commerci break todd,18
talk point,53,hold new confer,18
rick scott,53,giannoulia run senat,18
cast vote,53,counti board member,18
presid democrat,53,republican rick scott,18
clip sen,53,moment commerci break,18
lower tax,53,democrat nomine senat,18
famili member,53,rep john boehner,18
taxpay monei,53,republican nomine senat,18
spent year,53,candid marco rubio,18
number democrat,53,gop senat nomine,18
depart treasuri,53,nation public radio,18
barnei frank,53,burr ridg radiologist,18
good luck,53,special elect fill,17
lealan jone,53,illinoi governor rod,17
baar topinka,53,ship job oversea,17
pm eastern,53,senat seat fall,17
state fair,53,intellig offic naval,17
