bigram,count,trigram,count
daniel akaka,91,support abort right,29
abort right,50,rep patricia saiki,17
white hous,45,sen daniel akaka,14
spark matsunaga,31,daniel akaka hawaii,12
support abort,31,repres patricia saiki,11
patricia saiki,30,claudin schneider rhode,10
senat seat,29,schneider rhode island,10
mr akaka,29,gov john waihe,10
mr sununu,28,repres daniel akaka,10
presid bush,28,lynn martin illinoi,10
rhode island,28,repres claudin schneider,9
poll show,24,daniel akaka dhawaii,9
senat race,23,sen spark matsunaga,9
hatch act,23,daniel akaka republican,8
north carolina,21,senat spark matsunaga,8
women run,21,spark matsunaga di,8
mr bush,21,senat daniel akaka,8
lynn martin,20,repres tom tauk,7
ms saiki,20,foreign relat committe,7
democrat senat,19,pat saiki hawaii,7
claudin schneider,18,senat tom harkin,7
hous seat,18,sen pete wilson,7
rep patricia,17,daniel akaka democrat,7
governor race,17,republican senatori committe,6
special elect,17,nation republican senatori,6
run senat,16,vice presid quayl,6
pat saiki,16,rep pat saiki,6
execut director,15,control senat year,6
year ago,15,tom harkin democrat,6
republican parti,15,execut director nation,6
chief staff,14,nation abort right,6
sen daniel,14,abort right action,6
bush administr,14,patricia saiki republican,6
women candid,13,right action leagu,6
persian gulf,13,republican support abort,6
tom harkin,13,woman polit rutger,6
vice presid,13,american woman polit,6
akaka hawaii,12,particip partisan polit,6
percent vote,12,rep daniel akaka,6
nation republican,12,center american woman,6
senat year,12,daniel akaka appoint,6
john waihe,12,senat major leader,5
state senat,12,win special elect,5
paul simon,12,nation women polit,5
feder employe,12,women polit caucu,5
suprem court,12,democrat sen daniel,5
pete wilson,12,sharon rodin presid,5
race senat,11,late spark matsunaga,5
abort issu,11,republican rep patricia,5
matsunaga di,11,late sen spark,5
close race,11,women run statewid,5
republican senat,11,abort right movement,5
mitch mcconnel,11,matsunaga di cancer,5
senat democrat,11,senat jess helm,5
campaign committe,11,rep claudin schneider,5
republican state,11,senatori campaign committe,5
polit landscap,11,persian gulf crisi,5
hous member,11,white hous press,5
claiborn pell,11,hous press secretari,5
unit state,11,daniel akaka georg,5
partisan polit,11,akaka georg bush,5
senat vote,11,rep lynn martin,5
mauna lani,11,democrat senatori campaign,4
repres patricia,11,senat race hawaii,4
democrat incumb,11,john waihe democrat,4
femal candid,11,repres hal daub,4
repres daniel,10,tom harkin iowa,4
democrat primari,10,fear mr bush,4
tom tauk,10,revis hatch act,4
control senat,10,face strong challeng,4
republican rep,10,veto hatch act,4
women polit,10,repres bill schuett,4
martin illinoi,10,repres lynn martin,4
gulf crisi,10,give republican control,4
georg bush,10,mauna lani resort,4
midterm elect,10,vice presid dan,4
democrat republican,10,presid dan quayl,4
akaka dhawaii,10,sea life park,4
schneider rhode,10,di cancer april,4
gov john,10,kai orr nebraska,4
ann richard,9,rhode island lynn,4
member hous,9,island lynn martin,4
jess helm,9,democrat support abort,4
akaka republican,9,public opinion poll,4
staff chief,9,recent poll show,4
harvei gantt,9,senat rudi boschwitz,4
mark hatfield,9,support legal abort,4
feder worker,9,women campaign fund,4
saiki hawaii,9,chemic weapon stock,4
akaka democrat,9,work elect women,4
week ago,9,poll show voter,4
democrat gubernatori,9,competit senat race,4
elect women,9,run statewid offic,4
tight race,9,polit rutger univers,4
sen spark,9,power abort right,4
patsi mink,9,democrat gubernatori candid,4
repres claudin,9,democrat gubernatori primari,4
secretari state,8,director nation abort,4
press secretari,8,republican sen pete,4
san francisco,8,term late sen,4
senat daniel,8,unexpir term late,4
polit activ,8,poll taker work,4
saiki republican,8,fill unexpir term,4
televis commerci,8,bid fill unexpir,4
abort oppon,8,democrat oppos abort,4
director nation,8,polit landscap chang,4
rudi boschwitz,8,lose polit landscap,4
senat spark,8,win lose polit,4
elect dai,8,john sununu expand,4
johnston atol,8,sununu expand previou,4
chemic weapon,8,congression campaign committe,4
senat john,8,expand previou limit,4
race year,8,previou limit offic,4
harkin democrat,8,limit offic elect,4
run governor,8,offic elect subject,4
democrat sen,8,elect subject congression,4
mr saiki,8,subject congression confirm,4
race governor,8,congression confirm openli,4
democrat seat,8,confirm openli power,4
clayton william,8,openli power white,4
republican support,8,power white hous,4
woman polit,8,white hous chief,4
nativ hawaiian,8,hous chief staff,4
hous repres,8,chief staff recent,4
seat republican,7,staff recent year,4
mr kerri,7,recent year close,4
georg mitchel,7,year close presid,4
senat jess,7,close presid side,4
republican senatori,7,world war ii,4
hawaii senat,7,akaka republican rep,4
republican repres,7,patricia saiki rhawaii,4
diann feinstein,7,sen paul simon,4
bush veto,7,director center american,4
rais monei,7,mandel director center,4
senat tom,7,ruth mandel director,4
republican candid,7,senat pete wilson,4
hous republican,7,island pat saiki,4
seat vacat,7,rhode island pat,4
budget negoti,7,crisi persian gulf,4
relat committe,7,environment protect agenc,4
foreign relat,7,wendi sherman execut,4
seek reelect,7,sherman execut director,4
repres tom,7,execut director emili,4
akaka appoint,7,director emili list,4
john sununu,7,senat paul simon,3
gubernatori candid,7,monei put intern,3
seat senat,7,put intern agenc,3
cut sugar,7,intern agenc prevail,3
rais million,7,agenc prevail william,3
statewid offic,7,prevail william reilli,3
republican vote,7,william reilli administr,3
neck neck,7,reilli administr environment,3
sen pete,7,administr environment protect,3
carl levin,7,share view monei,3
john kerri,7,sununu publicli week,3
report flight,6,publicli week presid,3
rep pat,6,week presid veto,3
air forc,6,presid veto parentalleav,3
includ democrat,6,veto parentalleav bill,3
attornei gener,6,parentalleav bill approv,3
bill schuett,6,bill approv hous,3
comic strip,6,approv hous bring,3
gop candid,6,hous bring polit,3
hawaii democrat,6,bring polit problem,3
challeng senat,6,polit problem republican,3
antiincumb mood,6,problem republican vote,3
vote senat,6,republican vote bill,3
republican offici,6,abort right issu,3
wendi sherman,6,vote bill women,3
big tent,6,bill women parti,3
state democrat,6,women parti candid,3
presid quayl,6,parti candid senat,3
race hawaii,6,candid senat year,3
gener elect,6,senat year lynn,3
won democrat,6,year lynn martin,3
mr matsunaga,6,martin illinoi claudin,3
oppos abort,6,illinoi claudin schneider,3
mr quayl,6,contribut share view,3
ripon member,6,budget director decid,3
member congress,6,darman budget director,3
action leagu,6,sununu influenti hold,3
right action,6,bush strong posit,3
nation abort,6,strong posit abort,3
competit senat,6,posit abort year,3
state rep,6,abort year anger,3
senatori committe,6,year anger state,3
saiki run,6,anger state governor,3
race close,6,state governor charlottesvil,3
democrat strategist,6,governor charlottesvil educ,3
polit abort,6,charlottesvil educ summit,3
year senat,6,educ summit presid,3
polit rutger,6,summit presid publicli,3
kei race,6,presid publicli proclaim,3
particip partisan,6,publicli proclaim administr,3
senat incumb,6,proclaim administr devot,3
american woman,6,administr devot educ,3
center american,6,devot educ staff,3
matsunaga term,6,educ staff chief,3
democrat women,6,staff chief privat,3
marlin fitzwat,6,chief privat tell,3
race women,6,privat tell governor,3
challeng repres,6,richard darman budget,3
emili list,6,tell governor feder,3
republican win,6,governor feder fund,3
republican sen,6,feder fund field,3
democrat state,6,fund field cut,3
rep daniel,6,bush leav vacuum,3
strong challeng,6,sununu believ fill,3
face primari,6,believ fill abomin,3
akaka georg,5,fill abomin man,3
close contest,5,abomin man georg,3
fill seat,5,man georg bush,3
veto bill,5,georg bush mr,3
hous press,5,bush mr nice,3
number women,5,mr nice gui,3
presid veto,5,nice gui john,3
win special,5,number women run,3
island hawaii,5,gui john sununu,3
primari bid,5,john sununu throw,3
run statewid,5,sununu throw lot,3
lieuten governor,5,throw lot weight,3
major leader,5,substanc issu extent,3
senat major,5,lieuten governor state,3
civil servic,5,interven substanc issu,3
pete domenici,5,consider interven substanc,3
kai orr,5,power consider interven,3
candid governor,5,procedur power consider,3
fill unexpir,5,organiz procedur power,3
vote overrid,5,wield organiz procedur,3
term late,5,mind wield organiz,3
late sen,5,immedi mind wield,3
sen john,5,administr immedi mind,3
democrat polit,5,nixon administr immedi,3
recent year,5,haldeman nixon administr,3
judiciari committe,5,administr haldeman nixon,3
told report,5,eisenhow administr haldeman,3
oppon democrat,5,adam eisenhow administr,3
seat hous,5,sununu richard darman,3
switch vote,5,damag ozon layer,3
court decis,5,chemic damag ozon,3
face tough,5,stop chemic damag,3
sharon rodin,5,countri stop chemic,3
rodin presid,5,develop countri stop,3
democrat oppos,5,sherman adam eisenhow,3
bush invit,5,chief sherman adam,3
nation women,5,staff chief sherman,3
neil abercrombi,5,power staff chief,3
liber democrat,5,mean power staff,3
polit caucu,5,hampshir mean power,3
disclos honoraria,5,governor hampshir mean,3
rep lynn,5,conserv governor hampshir,3
di cancer,5,sununu conserv governor,3
women seek,5,aid develop countri,3
mr harkin,5,provid aid develop,3
rais tax,5,agre provid aid,3
month ago,5,nation agre provid,3
mr helm,5,industri nation agre,3
favor win,5,agreement industri nation,3
win democrat,5,intern agreement industri,3
race mr,5,reneg intern agreement,3
gop senat,5,administr reneg intern,3
abort year,5,bush administr reneg,3
seat democrat,5,caus bush administr,3
recent dai,5,role caus bush,3
saiki rhawaii,5,sununu role caus,3
late spark,5,state polici top,3
democrat hold,5,instinct state polici,3
sea turtl,5,presid instinct state,3
right movement,5,reflect presid instinct,3
campaign fund,5,chief reflect presid,3
race pit,5,staff chief reflect,3
overrid veto,5,suprem court decis,3
war ii,5,sununu staff chief,3
ronald reagan,5,tax cast lot,3
percent percent,5,rais tax cast,3
senat campaign,5,agre rais tax,3
democrat parti,5,bush agre rais,3
liber republican,5,placat conserv fear,3
analyst predict,5,help placat conserv,3
republican hope,5,top help placat,3
percentag point,5,word top help,3
time chang,5,quayl word top,3
percent mr,5,condit vice presid,3
won percent,5,flight condit vice,3
republican control,5,report flight condit,3
governor senat,5,told report flight,3
senat akaka,5,rough midsumm storm,3
elect year,5,landscap rough midsumm,3
budget deficit,5,polit landscap rough,3
david souter,5,roar polit landscap,3
ripon republican,5,issu roar polit,3
rep claudin,5,abort issu roar,3
democrat presidenti,5,ago abort issu,3
gain seat,5,year ago abort,3
senatori campaign,5,bush told report,3
democrat senatori,5,sununu word crazi,3
john breaux,5,marlin fitzwat label,3
state repres,5,barbara robert democrat,3
democrat support,5,businessman clayton william,3
democrat pollster,4,record number women,3
presid side,4,lot marlin fitzwat,3
close presid,4,restrain lot marlin,3
year close,4,secretari restrain lot,3
democrat budget,4,press secretari restrain,3
chairman democrat,4,democrat woman run,3
won reelect,4,women run senat,3
repres lynn,4,daniel akaka sworn,3
staff recent,4,feder postal worker,3
competit race,4,win senat seat,3
sherman execut,4,akaka mitch mcconnel,3
director emili,4,daniel akaka mitch,3
hous chief,4,illinoi rhode island,3
lead democrat,4,abort right republican,3
power white,4,carolina harvei gantt,3
openli power,4,north carolina harvei,3
illinoi senat,4,senat john kerri,3
vulner incumb,4,memori white hous,3
face strong,4,unpreced memori white,3
confirm openli,4,senat mark hatfield,3
tauk republican,4,rebuk unpreced memori,3
court nomine,4,seat left vacant,3
congression confirm,4,run neck neck,3
save loan,4,margin sampl error,3
polit analyst,4,percent mr akaka,3
subject congression,4,negoti rebuk unpreced,3
hope capit,4,adopt voic vote,3
wendi demock,4,north carolina mr,3
elect subject,4,budget negoti rebuk,3
offic elect,4,sabotag budget negoti,3
limit offic,4,helm north carolina,3
net gain,4,jess helm north,3
hous race,4,untim sabotag budget,3
frank lautenberg,4,remark untim sabotag,3
presid dan,4,sununu remark untim,3
dan quayl,4,close race senat,3
voic vote,4,texa clayton william,3
previou limit,4,upset republican worri,3
expand previou,4,trap upset republican,3
south pacif,4,republican governor associ,3
sununu expand,4,set trap upset,3
tiebreak vote,4,william roth jr,3
congression campaign,4,partisan polit activ,3
edward kennedi,4,vote overrid veto,3
william reilli,4,intend set trap,3
democrat repres,4,mr matsunaga term,3
give republican,4,bush intend set,3
environment protect,4,poll show ms,3
protect agenc,4,alarm democrat fear,3
global warm,4,emphas alarm democrat,3
appoint senat,4,senat judiciari committe,3
year women,4,pete wilson california,3
democrat lose,4,politic civil servic,3
work elect,4,prerog emphas alarm,3
california texa,4,hous prerog emphas,3
dead heat,4,worker particip partisan,3
public opinion,4,white hous prerog,3
opinion poll,4,tax white hous,3
challeng republican,4,propos tax white,3
democrat joan,4,bush veto hatch,3
solicit fund,4,presid bush veto,3
joan finnei,4,democrat propos tax,3
women hope,4,meant democrat propos,3
women parti,4,mayor harvei gantt,3
run open,4,charlott mayor harvei,3
vote presid,4,presid meant democrat,3
island pat,4,state hold elect,3
democrat run,4,rhode island republican,3
femal member,4,mark hatfield oregon,3
campaign manag,4,sen mark hatfield,3
democrat vote,4,daniel akaka frank,3
repres bill,4,washington presid meant,3
josi heath,4,rica washington presid,3
tradit democrat,4,world champion surfer,3
show voter,4,women todai percent,3
farm bill,4,dai elect dai,3
sugar subsidi,4,costa rica washington,3
island lynn,4,flight costa rica,3
hope win,4,report flight costa,3
poll releas,4,sununu report flight,3
women hous,4,presid nation women,3
right issu,4,rodin presid nation,3
world war,4,deficit negoti precondit,3
mr gantt,4,matsunaga di april,3
landscap chang,4,fill senat seat,3
appoint fill,4,budget deficit negoti,3
senat republican,4,pell rhode island,3
republican chanc,4,claiborn pell rhode,3
recent poll,4,democrat budget deficit,3
lani resort,4,paul simon illinoi,3
jame baker,4,invit democrat budget,3
retir republican,4,campaign televis commerci,3
life park,4,democrat senat seat,3
sea life,4,patricia saiki run,3
lose polit,4,bush invit democrat,3
year race,4,staff take heat,3
support legal,4,waihe democrat appoint,3
cash hand,4,chief staff take,3
legal abort,4,presid chief staff,3
win lose,4,race year senat,3
state hold,4,year ago senat,3
charact issu,4,secretari presid chief,3
statewid race,4,chairman foreign relat,3
republican challeng,4,island claiborn pell,3
fear mr,4,rhode island claiborn,3
democrat candid,4,new secretari presid,3
long time,4,won percent vote,3
matsunaga senat,4,tom tauk republican,3
sununu throw,4,presid new secretari,3
oppon repres,4,slap presid new,3
republican democrat,4,result slap presid,3
senat hope,4,iowa senat tom,3
remain year,4,controversi result slap,3
serv hous,4,view monei put,3
hope democrat,4,quayl tiebreak vote,3
harvei sloan,4,presid quayl tiebreak,3
campaign financ,4,control polit damag,3
sen paul,4,virtu vice presid,3
weapon stock,4,control virtu vice,3
taker work,4,republican control virtu,3
cancer april,4,caus control polit,3
progress women,4,tie give republican,3
crisi persian,4,parti tie give,3
paul wellston,4,result parti tie,3
poll taker,4,seat result parti,3
senat rudi,4,gave seat result,3
parti candid,4,theyd gave seat,3
veto hatch,4,year theyd gave,3
ms rodin,4,senat year theyd,3
revis hatch,4,sununu caus control,3
phil gramm,4,lose control senat,3
elect fill,4,democrat lose control,3
hawaii vote,4,event democrat lose,3
candid senat,4,white hous republican,3
mr regan,4,imposs event democrat,3
fred hem,4,howard baker concentr,3
gov bob,4,republican rep pat,3
need overrid,4,successor howard baker,3
gubernatori primari,4,cut sugar loan,3
win percent,4,democrat senat daniel,3
power abort,4,regan successor howard,3
director center,4,believ present chief,3
hous week,4,mauna lani bai,3
mandel director,4,fate believ present,3
ruth mandel,4,fire fate believ,3
issu elect,4,ultim fire fate,3
republican nation,4,rep fred hem,3
senat todai,4,state rep fred,3
challeng incumb,4,republican state rep,3
elect hous,4,face republican state,3
reelect year,4,regan ultim fire,3
women campaign,4,baker subtl public,3
jane danowitz,4,reagan influenc substanc,3
challeng sen,4,presid reagan influenc,3
democrat machin,4,serv presid reagan,3
vote democrat,4,staff serv presid,3
state nation,4,chief staff serv,3
make difficult,4,white hous find,3
rais doubt,4,regan chief staff,3
repres hal,4,primari bid fill,3
hal daub,4,patricia saiki won,3
bush told,4,donald regan chief,3
mr carvil,4,state donald regan,3
orr nebraska,4,secretari state donald,3
unexpir term,4,baker secretari state,3
strategist argu,4,jame baker secretari,3
high offic,4,full twoyear term,3
jim exon,4,appear jame baker,3
bid fill,4,leader georg mitchel,3
conserv democrat,4,major leader georg,3
republican chairman,4,speaker thoma folei,3
state treasur,4,sununu appear jame,3
waihe democrat,4,candid femal gubernatori,2
mr rappaport,4,pass legisl bush,2
neg ad,4,legisl bush administr,2
harkin iowa,4,bush administr strategist,2
succeed rais,4,administr strategist argu,2
rutger univers,4,strategist argu administr,2
senat pete,4,argu administr accommod,2
feder union,4,administr accommod georg,2
texa california,4,accommod georg mitchel,2
governor texa,4,georg mitchel senat,2
akaka face,4,mitchel senat major,2
kansa republican,4,sustain veto pass,2
bob casei,4,major leader speaker,2
barbara hafer,4,leader speaker thoma,2
republican worri,4,difficult sustain veto,2
washington presid,4,thoma folei view,2
state offic,4,folei view republican,2
candid understand,4,view republican wrong,2
postal worker,4,republican wrong bush,2
parti line,4,wrong bush administr,2
year woman,4,bush administr todai,2
posit women,4,make difficult sustain,2
feder postal,4,loss make difficult,2
elect fall,4,capit gain tax,2
publicli proclaim,3,billion deficitreduct packag,2
mitchel dmain,3,honolulu rep patsi,2
prime minist,3,rep patsi mink,2
honolulu rep,3,patsi mink twotim,2
vote todai,3,mink twotim winner,2
simon dill,3,twotim winner hawaii,2
percent voter,3,note loss make,2
michael dukaki,3,special elect back,2
jimmi carter,3,elect back hous,2
deficitreduct packag,3,back hous seat,2
mr domenici,3,hous seat temporarili,2
intellig agenc,3,seat temporarili prevail,2
leader georg,3,temporarili prevail democrat,2
seat temporarili,3,prevail democrat primari,2
term hous,3,democrat primari bid,2
prevail democrat,3,primari bid full,2
ms mink,3,bid full twoyear,2
serv term,3,anonym note loss,2
hot contest,3,twoyear term appoint,2
full twoyear,3,term appoint democrat,2
twoyear term,3,appoint democrat sen,2
win senat,3,condit anonym note,2
lost time,3,spoke condit anonym,2
fall race,3,strategist spoke condit,2
republican oppon,3,republican strategist spoke,2
thoma folei,3,pleasant republican strategist,2
speaker thoma,3,year pleasant republican,2
saiki won,3,won primari bid,2
victori mr,3,find year pleasant,2
critic mr,3,hous find year,2
mr william,3,predict white hous,2
men vote,3,seat predict white,2
nation associ,3,senat seat predict,2
sustain veto,3,week senat seat,2
point view,3,hous week senat,2
govern worker,3,matsunaga gov john,2
democrat woman,3,seat hous week,2
woman run,3,john waihe coast,2
republican strategist,3,waihe coast past,2
nation local,3,oppon democrat gubernatori,2
coast past,3,dozen seat hous,2
akaka senat,3,hell face republican,2
hous find,3,lose dozen seat,2
week senat,3,republican lose dozen,2
politician republican,3,talk republican lose,2
run ahead,3,budget talk republican,2
akaka mitch,3,david casei horn,2
face republican,3,harper ferri wva,2
final week,3,geoffrei logan hood,2
budget talk,3,handl budget talk,2
rep fred,3,detect handl budget,2
incumb lead,3,peopl detect handl,2
cape canaver,3,saiki term repres,2
lead rep,3,term repres st,2
lose seat,3,repres st district,2
hawaii republican,3,st district favor,2
elect peopl,3,district favor win,2
illinoi rhode,3,favor win republican,2
right republican,3,win republican nomin,2
harper ferri,3,akaka favor win,2
republican member,3,favor win democrat,2
democrat defend,3,nov special elect,2
recruit republican,3,matsunaga son late,2
race republican,3,seat democrat republican,2
larri pressler,3,democrat republican face,2
state republican,3,green sea turtl,2
vote souter,3,atrium pond mauna,2
honoraria member,3,pond mauna lani,2
senat senat,3,elect peopl detect,2
industri associ,3,lani bai hotel,2
brook institut,3,attitud elect peopl,2
associ march,3,life park hawaii,2
larg part,3,blith attitud elect,2
race fall,3,heard distress call,2
matsunaga seat,3,mildr akaka niec,2
year includ,3,regret blith attitud,2
candid state,3,agricultur secretari clayton,2
vacat death,3,secretari clayton yeutter,2
lot weight,3,cut sugar subsidi,2
seat hawaii,3,pct cut sugar,2
republican nomin,3,hous regret blith,2
open seat,3,white hous regret,2
throw lot,3,support pct cut,2
democrat nomin,3,privat white hous,2
voter democrat,3,republican privat white,2
gui john,3,saiki run akaka,2
mood voter,3,continu cent loan,2
tuesdai elect,3,hous republican privat,2
primari elect,3,cost white hous,2
run hous,3,page cost white,2
son late,3,opinion page cost,2
nice gui,3,strip opinion page,2
mr nice,3,move strip opinion,2
mr shelbi,3,journal move strip,2
congression seat,3,winstonsalem journal move,2
bush mr,3,observ winstonsalem journal,2
man georg,3,charlott observ winstonsalem,2
abomin man,3,whichev charlott observ,2
carolina harvei,3,elect whichev charlott,2
fill abomin,3,helm elect whichev,2
matsunaga death,3,mr helm elect,2
recent week,3,lampoon mr helm,2
believ fill,3,stop lampoon mr,2
offici parti,3,strip stop lampoon,2
sununu believ,3,comic strip stop,2
jim rappaport,3,suspend comic strip,2
leav vacuum,3,observ suspend comic,2
bush leav,3,tiebreak vote year,2
lani bai,3,vote year case,2
field cut,3,year case mr,2
recent public,3,case mr quayl,2
fund field,3,mr quayl decid,2
feder fund,3,quayl decid person,2
governor feder,3,decid person visibl,2
tell governor,3,person visibl numer,2
mr wellston,3,visibl numer divis,2
privat tell,3,numer divis issu,2
mr lonsdal,3,divis issu parti,2
harri lonsdal,3,issu parti muster,2
chief privat,3,parti muster vote,2
year republican,3,muster vote kid,2
senat mark,3,vote kid wouldnt,2
educ staff,3,kid wouldnt mind,2
devot educ,3,wouldnt mind isnt,2
left vacant,3,mind isnt happen,2
seat left,3,isnt happen republican,2
campaign televis,3,happen republican arent,2
administr devot,3,republican arent control,2
right includ,3,arent control senat,2
proclaim administr,3,control senat chanc,2
akaka sworn,3,senat chanc lot,2
presid publicli,3,chanc lot democrat,2
show mr,3,lot democrat seat,2
summit presid,3,democrat seat edg,2
year incumb,3,seat edg suggest,2
educ summit,3,edg suggest republican,2
fundrais event,3,suggest republican win,2
charlottesvil educ,3,republican win democrat,2
sugar programm,3,win democrat seat,2
pct cut,3,democrat seat lose,2
sugar loan,3,seat lose produc,2
administr polici,3,lose produc major,2
governor charlottesvil,3,produc major happen,2
state governor,3,major happen seat,2
anger state,3,happen seat chang,2
year anger,3,seat chang hand,2
run neck,3,chang hand illinoi,2
posit abort,3,hand illinoi senat,2
budget bill,3,illinoi senat paul,2
rep tom,3,ripon advisori board,2
voter elect,3,new observ suspend,2
strong posit,3,paul simon liber,2
bush strong,3,simon liber unsuccess,2
influenti hold,3,liber unsuccess democrat,2
bill propos,3,unsuccess democrat presidenti,2
akaka campaign,3,democrat presidenti candid,2
sununu influenti,3,presidenti candid sharpli,2
illinoi claudin,3,candid sharpli challeng,2
year lynn,3,sharpli challeng repres,2
bill women,3,challeng repres lynn,2
vote bill,3,raleigh new observ,2
problem republican,3,lynn martin georg,2
sampl error,3,martin georg barbara,2
margin sampl,3,georg barbara bush,2
polit problem,3,barbara bush campaign,2
bring polit,3,bush campaign iowa,2
hous bring,3,campaign iowa senat,2
approv hous,3,edgi raleigh new,2
bill approv,3,newspap edgi raleigh,2
parentalleav bill,3,carolina newspap edgi,2
veto parentalleav,3,harkin democrat freshman,2
hawaiian sugar,3,democrat freshman state,2
andi anderson,3,freshman state democrat,2
imposs event,3,state democrat senat,2
event democrat,3,democrat senat won,2
week presid,3,senat won reelect,2
neighbor island,3,won reelect face,2
lose control,3,reelect face repres,2
publicli week,3,face repres tom,2
sununu publicli,3,north carolina newspap,2
year theyd,3,washington north carolina,2
theyd gave,3,tauk republican rais,2
gave seat,3,republican rais million,2
seat result,3,rais million contributor,2
result parti,3,million contributor michigan,2
parti tie,3,contributor michigan senat,2
tie give,3,michigan senat carl,2
administr environment,3,senat carl levin,2
reilli administr,3,carl levin democrat,2
prevail william,3,levin democrat won,2
control virtu,3,democrat won percent,2
virtu vice,3,york washington north,2
agenc prevail,3,percent vote state,2
quayl tiebreak,3,vote state lose,2
intern agenc,3,state lose democrat,2
year democrat,3,lose democrat strength,2
moder republican,3,democrat strength republican,2
case mr,3,strength republican pick,2
put intern,3,republican pick candid,2
cold war,3,pick candid repres,2
repres hawaii,3,candid repres bill,2
boschwitz rminn,3,francisco york washington,2
grasslei riowa,3,bill schuett septemb,2
monei put,3,schuett septemb primari,2
joseph biden,3,septemb primari rhode,2
view monei,3,primari rhode island,2
turn back,3,san francisco york,2
share view,3,bar san francisco,2
adopt voic,3,claiborn pell democrat,2
capit punish,3,pell democrat chairman,2
contribut share,3,democrat chairman foreign,2
wouldnt mind,3,lesbian bar san,2
director decid,3,gai lesbian bar,2
budget director,3,relat committe long,2
committe chairman,3,committe long time,2
local issu,3,long time democrat,2
darman budget,3,time democrat note,2
helm north,3,democrat note popular,2
senat chanc,3,note popular oppon,2
richard darman,3,popular oppon repres,2
sununu richard,3,oppon repres claudin,2
ozon layer,3,claudin schneider prochoic,2
damag ozon,3,schneider prochoic equal,2
chemic damag,3,prochoic equal liber,2
stop chemic,3,equal liber replac,2
countri stop,3,liber replac pell,2
develop countri,3,replac pell schneider,2
carolina mr,3,pell schneider montana,2
aid develop,3,schneider montana year,2
provid aid,3,montana year ago,2
agre provid,3,dollar gai lesbian,2
nation agre,3,ago senat john,2
industri nation,3,senat john melcher,2
pick seat,3,john melcher democrat,2
bob martinez,3,melcher democrat beaten,2
agreement industri,3,democrat beaten incumb,2
senat paul,3,beaten incumb statewid,2
incumb bob,3,incumb statewid race,2
intern agreement,3,statewid race year,2
nelson rockefel,3,thousand dollar gai,2
reneg intern,3,year senat max,2
texa clayton,3,senat max baucu,2
administr reneg,3,max baucu democrat,2
caus bush,3,baucu democrat face,2
democrat hous,3,democrat face primari,2
role caus,3,face primari republican,2
sununu role,3,primari republican vulner,2
polici top,3,republican vulner republican,2
state polici,3,vulner republican contend,2
instinct state,3,republican contend enter,2
presid instinct,3,contend enter possibl,2
barbara bush,3,enter possibl divis,2
breaux dla,3,possibl divis primari,2
reflect presid,3,divis primari nebraska,2
iowa senat,3,primari nebraska republican,2
chief reflect,3,nebraska republican repres,2
sununu staff,3,republican repres hal,2
cast lot,3,rais thousand dollar,2
tax cast,3,hal daub beat,2
agre rais,3,daub beat senat,2
bush agre,3,beat senat jim,2
conserv fear,3,senat jim exon,2
placat conserv,3,jim exon conserv,2
lawton chile,3,exon conserv democrat,2
help placat,3,conserv democrat senat,2
governor associ,3,democrat senat percent,2
top help,3,senat percent vote,2
word top,3,percent vote point,2
quayl word,3,vote point walter,2
republican governor,3,point walter mondal,2
condit vice,3,walter mondal democrat,2
director republican,3,mondal democrat presidenti,2
flight condit,3,democrat presidenti nomine,2
state legisl,3,presidenti nomine hawaii,2
real power,3,nomine hawaii spark,2
word crazi,3,hawaii spark matsunaga,2
sununu word,3,spark matsunaga death,2
fitzwat label,3,matsunaga death gov,2
lot marlin,3,death gov john,2
restrain lot,3,gantt rais thousand,2
secretari restrain,3,harvei gantt rais,2
polit offic,3,democrat appoint repres,2
continu bar,3,appoint repres daniel,2
memori white,3,oppon harvei gantt,2
unpreced memori,3,senat oppon harvei,2
rebuk unpreced,3,akaka democrat fill,2
specter rpa,3,democrat fill seat,2
roth jr,3,fill seat republican,2
pick candid,3,seat republican win,2
william roth,3,republican win special,2
negoti rebuk,3,special elect fall,2
sabotag budget,3,elect fall democrat,2
untim sabotag,3,fall democrat state,2
sen william,3,democrat state persuad,2
vote measur,3,state persuad repres,2
remark untim,3,persuad repres patricia,2
island claiborn,3,commerci senat oppon,2
sununu remark,3,saiki run doesnt,2
upset republican,3,run doesnt reluct,2
trap upset,3,doesnt reluct republican,2
chairman foreign,3,reluct republican conced,2
set trap,3,republican conced win,2
intend set,3,conced win seat,2
bush intend,3,win seat remark,2
democrat fear,3,seat remark democrat,2
time democrat,3,remark democrat sourc,2
alarm democrat,3,democrat sourc scoff,2
emphas alarm,3,sourc scoff idea,2
congression district,3,scoff idea conced,2
prerog emphas,3,idea conced race,2
nebraska senat,3,conced race close,2
hous prerog,3,race close democrat,2
death penalti,3,close democrat claim,2
tax white,3,democrat claim competit,2
propos tax,3,claim competit kentucki,2
democrat propos,3,competit kentucki republican,2
meant democrat,3,kentucki republican freshman,2
republican oppos,3,republican freshman mitch,2
presid meant,3,freshman mitch mcconnel,2
ago senat,3,mitch mcconnel won,2
rica washington,3,mcconnel won fewer,2
show ms,3,won fewer vote,2
costa rica,3,fewer vote harvei,2
glass ceil,3,vote harvei sloan,2
todai percent,3,harvei sloan mayor,2
women todai,3,sloan mayor louisvil,2
pilot error,3,mayor louisvil probabl,2
jefferson counti,3,louisvil probabl democrat,2
flight costa,3,probabl democrat nomine,2
sununu report,3,democrat nomine gop,2
akaka resign,3,nomine gop senat,2
max baucu,3,gop senat humphrei,2
akaka hous,3,senat humphrei hampshir,2
negoti precondit,3,humphrei hampshir armstrong,2
primari republican,3,hampshir armstrong colorado,2
republican vulner,3,armstrong colorado mcclure,2
deficit negoti,3,colorado mcclure idaho,2
senat expect,3,mcclure idaho retir,2
refus acknowledg,3,idaho retir republican,2
invit democrat,3,retir republican offici,2
senat judiciari,3,republican offici contest,2
bush want,3,offici contest seat,2
nomine court,3,contest seat democrat,2
take heat,3,seat democrat contend,2
staff take,3,democrat contend decent,2
presid chief,3,contend decent chanc,2
secretari presid,3,decent chanc colorado,2
offic year,3,chanc colorado hampshir,2
wilson california,3,colorado hampshir strong,2
lott rmiss,3,hampshir strong prochoic,2
new secretari,3,strong prochoic state,2
trent lott,3,prochoic state hope,2
presid new,3,state hope win,2
domenici rnm,3,hope win mr,2
slap presid,3,win mr quayl,2
damato rny,3,mr quayl seat,2
walter mondal,3,quayl seat indiana,2
alfons damato,3,seat indiana supposedli,2
presidenti nomine,3,indiana supposedli republican,2
result slap,3,supposedli republican state,2
politic civil,3,republican state democrat,2
vote sustain,3,state democrat governor,2
governor state,3,democrat governor democrat,2
democrat appoint,3,governor democrat repres,2
controversi result,3,democrat repres ten,2
bush recent,3,repres ten includ,2
polit damag,3,ten includ jill,2
control polit,3,includ jill long,2
caus control,3,jill long year,2
sununu caus,3,long year won,2
damag control,3,year won hous,2
baker concentr,3,won hous seat,2
howard baker,3,hous seat mr,2
successor howard,3,seat mr quayl,2
worker particip,3,mr quayl appoint,2
regan successor,3,quayl appoint successor,2
present chief,3,appoint successor dan,2
robert dole,3,successor dan coat,2
glenn dohio,3,dan coat move,2
believ present,3,coat move senat,2
fate believ,3,move senat democrat,2
fire fate,3,senat democrat cautious,2
vote favor,3,democrat cautious hope,2
plai field,3,cautious hope state,2
ultim fire,3,hope state repres,2
regan ultim,3,state repres baron,2
subtl public,3,repres baron hill,2
baker subtl,3,baron hill basketbal,2
influenc substanc,3,hill basketbal star,2
reagan influenc,3,basketbal star beat,2
issu women,3,star beat mr,2
abort challeng,3,beat mr coat,2
presid reagan,3,mr coat republican,2
serv presid,3,coat republican squirm,2
mayor harvei,3,republican squirm democrat,2
charlott mayor,3,squirm democrat chuckl,2
staff serv,3,democrat chuckl special,2
regan chief,3,chuckl special case,2
donald regan,3,special case louisiana,2
state donald,3,case louisiana seat,2
colleg professor,3,louisiana seat senat,2
baker secretari,3,seat senat bennett,2
appear jame,3,senat bennett johnston,2
mayor louisvil,3,bennett johnston democrat,2
sununu appear,3,johnston democrat stake,2
texa race,3,democrat stake republican,2
democrat nomine,3,stake republican state,2
issu extent,3,republican state senat,2
substanc issu,3,state senat ben,2
hold elect,3,senat ben bagert,2
interven substanc,3,ben bagert oppon,2
hold year,3,bagert oppon embarrass,2
consider interven,3,oppon embarrass david,2
island republican,3,embarrass david duke,2
mcclure idaho,3,david duke ku,2
gop rep,3,duke ku klux,2
power consider,3,ku klux klansman,2
procedur power,3,klux klansman run,2
hawaii appoint,3,klansman run louisiana,2
organiz procedur,3,run louisiana nonpartisan,2
democrat contend,3,louisiana nonpartisan primari,2
wield organiz,3,nonpartisan primari selfanoint,2
run polit,3,primari selfanoint republican,2
record number,3,selfanoint republican win,2
colorado hampshir,3,republican win face,2
latest poll,3,win face senat,2
hatfield oregon,3,face senat runoff,2
mind wield,3,senat runoff parti,2
sen mark,3,runoff parti laugh,2
immedi mind,3,parti laugh avoid,2
administr immedi,3,laugh avoid runoff,2
republican incumb,3,avoid runoff mr,2
nixon administr,3,runoff mr johnston,2
challeng democrat,3,mr johnston win,2
haldeman nixon,3,johnston win percent,2
administr haldeman,3,win percent primari,2
senat challeng,3,percent primari tall,2
interest run,3,primari tall order,2
akaka frank,3,tall order state,2
eisenhow administr,3,order state nation,2
adam eisenhow,3,state nation highest,2
barbara mikulski,3,nation highest unemploy,2
sherman adam,3,televis commerci senat,2
chief sherman,3,helm campaign televis,2
state hous,3,reallif helm campaign,2
bill bradlei,3,simon illinoi tom,2
alan cranston,3,illinoi tom harkin,2
power staff,3,francisco reallif helm,2
mean power,3,harkin iowa carl,2
hampshir mean,3,iowa carl levin,2
governor hampshir,3,carl levin michigan,2
conserv governor,3,levin michigan jim,2
champion surfer,3,michigan jim exon,2
cautious hope,3,jim exon nebraska,2
world champion,3,san francisco reallif,2
sununu conserv,3,york san francisco,2
easili won,3,governor john waihe,2
michael liu,3,reduc depend import,2
democrat race,3,strateg petroleum reserv,2
make signific,3,place york san,2
year make,3,event place york,2
citi councilman,3,seat daniel akaka,2
andrew poepo,3,fundrais event place,2
margin error,3,hold fundrais event,2
week show,3,feder elect commiss,2
women support,3,oppon hold fundrais,2
year run,3,attack oppon hold,2
japanes american,3,sen rudi boschwitz,2
dai elect,3,commerci attack oppon,2
slightli ahead,3,helm commerci attack,2
democrat mayor,3,appoint replac late,2
success campaign,3,replac late spark,2
run mate,3,mock helm commerci,2
bennett johnston,3,cash hand compar,2
woman candid,3,campaign fund rais,2
race california,3,kentucki north carolina,2
oregon alaska,3,april death hawaii,2
boyden grai,3,kudzu mock helm,2
hous vote,3,daniel akaka daniel,2
hous senat,3,akaka daniel akaka,2
campaign senat,3,state attornei gener,2
hawaii polit,3,attornei gener offic,2
republican women,3,hous seat vacat,2
david duke,3,spark matsunaga senat,2
businessman clayton,3,blur kudzu mock,2
ku klux,3,special elect serv,2
republican hawaii,3,todai percent percent,2
nation trend,3,satir blur kudzu,2
junior senat,3,akaka margin error,2
senat increas,3,citi councilman neil,2
women credibl,3,councilman neil abercrombi,2
month senat,3,state rep michael,2
candid kei,3,rep michael liu,2
appoint replac,3,fred hem world,2
lee atwat,3,hem world champion,2
california governor,3,realiti satir blur,2
rose mofford,3,suprem court nomine,2
madelein kunin,3,brock adam wash,2
femal governor,3,alan cranston calif,2
challeng rep,3,frank lautenberg nj,2
state sen,3,nj quentin burdick,2
presid nation,3,john kerri mass,2
feder elect,3,barbara mikulski md,2
linda dival,3,line realiti satir,2
silver bullet,3,polit line realiti,2
