bigram,count,trigram,count
john seymour,546,sen john seymour,240
lo angel,493,gov pete wilson,110
san francisco,353,san francisco mayor,100
orang counti,300,mayor san francisco,81
presid bush,283,senat john seymour,73
mr bush,279,mayor diann feinstein,70
diann feinstein,275,rep barbara boxer,69
sen john,262,rep william dannemey,68
senat seat,237,john seymour rcalif,67
white hous,235,support abort right,63
barbara boxer,231,francisco mayor diann,61
abort right,215,control grai davi,56
pete wilson,211,lo angel riot,55
bill clinton,188,feinstein mayor san,54
mr clinton,167,gov leo mccarthi,54
bruce herschensohn,167,comment bruce herschensohn,53
ms boxer,166,state control grai,52
state senat,157,sen alan cranston,50
mr perot,155,longest win streak,49
ms feinstein,153,carol moselei braun,47
unit state,136,rep tom campbel,46
suprem court,132,central vallei project,45
georg bush,130,unit state senat,43
senat race,126,gov bill clinton,41
poll show,124,john seymour california,40
alan cranston,121,lt gov leo,40
republican parti,114,democrat diann feinstein,39
mr seymour,114,rep mel levin,38
year ago,111,lo angel time,37
gov pete,110,presid georg bush,37
ross perot,106,repres barbara boxer,35
mr herschensohn,105,diann feinstein mayor,32
senat candid,103,favor abort right,31
william dannemey,103,john seymour republican,31
francisco mayor,102,republican sen john,30
san diego,100,percent precinct report,28
southern california,92,lo angel counti,27
vice presid,92,democrat alan cranston,26
mr wilson,88,william dannemey rfullerton,26
tax bill,87,vice presid dan,26
mel levin,86,presid dan quayl,26
clarenc thoma,86,republican john seymour,26
senat john,86,incumb john seymour,25
mayor san,83,senat judiciari committe,25
democrat primari,82,bruce herschensohn conserv,24
democrat nomin,82,palm spring mayor,24
leo mccarthi,79,conserv televis comment,24
tom campbel,79,alan cranston retir,24
grai davi,79,state senat seat,24
presidenti primari,78,appoint sen john,23
democrat senat,76,mayor sonni bono,23
republican senat,75,feinstein san francisco,23
anita hill,71,televis comment bruce,23
rep william,71,feinstein barbara boxer,22
mayor diann,70,feinstein ms boxer,22
rep barbara,70,women polit caucu,22
central vallei,69,democrat nomin senat,22
hous bank,69,california senat seat,22
seymour rcalif,69,democrat presidenti nomine,21
jerri brown,68,orang counti regist,21
hous seat,68,thoma suprem court,21
women polit,67,republican nation convent,21
real estat,66,lynn yeakel pennsylvania,20
tax increas,66,fair polit practic,20
televis comment,65,polit practic commiss,20
democrat presidenti,65,moselei braun illinoi,20
campaign manag,64,feinstein rep barbara,20
california republican,64,clarenc thoma suprem,20
hous repres,64,univers southern california,19
women senat,64,spring mayor sonni,19
ronald reagan,64,sen alfons damato,19
support abort,63,ms feinstein ms,19
year woman,63,bill clinton arkansa,19
california democrat,60,john seymour appoint,19
california senat,60,diann feinstein democrat,18
gener elect,60,tv comment bruce,18
sonni bono,60,democrat senat candid,18
feinstein mayor,59,nomin senat seat,18
sen alan,59,nation women polit,18
state control,58,senat seat held,18
civil right,58,repres mel levin,18
control grai,56,angel time poll,18
mr buchanan,56,run senat seat,18
democrat republican,56,regist staff writer,18
mr campbel,56,civil right commission,17
sexual harass,56,diann feinstein rep,17
angel riot,55,endang speci act,17
run senat,55,orang counti republican,17
gov leo,54,lo angel polic,17
water bill,54,barbara boxer diann,17
bush campaign,54,boxer diann feinstein,17
comment bruce,53,senat seat democrat,17
women candid,52,democrat sen alan,17
lt gov,52,william dannemey fullerton,17
win streak,52,democrat presidenti candid,17
democrat parti,52,sen arlen specter,17
elect year,50,persian gulf war,17
player watch,50,mr bush mr,17
arlen specter,50,senat alan cranston,17
republican nomin,50,bush mr clinton,17
moselei braun,50,wilson elect governor,16
senat primari,50,civil right commiss,16
rep tom,49,retir glendal dentist,16
winningest coach,49,sen bill bradlei,16
longest win,49,candid senat seat,16
alfons damato,49,diann feinstein barbara,16
republican primari,49,bush bill clinton,16
june primari,48,rep robert dornan,16
carol moselei,47,democrat barbara boxer,16
nomin senat,47,senat seat vacat,15
capitol hill,47,repres tom campbel,15
number women,47,herschensohn conserv televis,15
senat vote,47,polit action committe,15
feder govern,47,gop sen john,15
mr levin,46,abort right support,15
seat held,46,republican pete wilson,15
republican candid,46,alfons damato rny,15
mr quayl,46,billion tax bill,15
seymour california,45,free trade agreement,15
patrick buchanan,45,record number women,15
women run,45,suprem court nomine,15
vallei project,45,keep abort legal,15
judiciari committe,45,gov jerri brown,15
palm spring,44,overdraft hous bank,15
democrat candid,44,north american free,14
member congress,44,senat alfons damato,14
exit poll,44,retir sen alan,14
bush veto,43,democrat senat primari,14
lynn yeakel,42,san francisco bai,14
health care,42,presid bush veto,14
republican sen,42,orang counti voter,14
tax cut,42,diann feinstein san,14
gov bill,41,june primari elect,14
senat hous,41,democrat mayor san,14
presidenti elect,41,allmal senat judiciari,14
governor wilson,41,lieut gov leo,14
task forc,41,democrat bill clinton,14
presidenti candid,41,leader georg mitchel,14
seat vacat,41,major leader georg,14
gop sen,41,nomine bill clinton,14
percentag point,40,report candidateperc total,14
term limit,40,exit poll show,14
rep mel,40,bruce herschensohn televis,14
state primari,40,american free trade,14
primari elect,40,senat seat grab,14
week ago,40,mayor palm spring,14
seymour appoint,40,precinct report candidateperc,14
congression district,40,right action leagu,13
femal candid,39,abort right action,13
democrat diann,39,feder elect commiss,13
month ago,39,pete wilson elect,13
nation convent,39,women run senat,13
seymour republican,39,pollster mervin field,13
candid senat,39,tom campbel stanford,13
kei issu,39,anita hill clarenc,13
dian feinstein,38,state presidenti primari,13
presid georg,38,mom tenni shoe,13
democrat sen,38,posit vote feder,13
water project,38,bush veto bill,13
california state,38,dentist jim triniti,13
bill bradlei,38,alan cranston democrat,13
california poll,38,illinoi lynn yeakel,13
elect governor,38,seymour california republican,12
pat buchanan,38,timescb new poll,12
mr brown,37,alfons damato york,12
past year,37,state senat race,12
statu quo,37,clarenc thoma hear,12
angel time,37,support clinton plan,12
dan quayl,36,republican bruce herschensohn,12
state democrat,36,governor bill clinton,12
rais monei,36,chairman phil angelid,12
republican democrat,36,presid ronald reagan,12
tax credit,36,seat hous repres,12
state republican,36,state primari sept,12
presidenti race,35,voter research survei,12
boxer feinstein,35,individu retir account,12
thoma hear,35,senat minor leader,12
repres barbara,35,seek democrat nomin,12
attornei gener,35,levin lo angel,12
bill pass,35,braun illinoi lynn,12
abort issu,34,senat major leader,12
percent percent,34,margin sampl error,12
republican nation,34,voter leav poll,12
california primari,34,senat seat california,12
parti platform,34,check hous bank,12
democrat women,34,vote ms feinstein,12
republican oppon,34,attornei gener robert,12
conserv comment,34,won democrat nomin,12
mervin field,33,conserv comment bruce,12
feinstein boxer,33,california sen john,12
hous senat,33,energi natur resourc,12
favor abort,33,edmund brown jr,12
elect senat,33,poll show mr,12
polit analyst,33,glendal dentist jim,12
novemb elect,33,georg bush bill,11
north carolina,32,francisco bai area,11
veto bill,32,california mr clinton,11
water polici,32,seymour state senat,11
marin counti,32,nation abort right,11
chief staff,32,full sixyear term,11
energi bill,32,sixyear senat seat,11
feinstein support,32,jerri brown california,11
elect women,32,state fair polit,11
seat democrat,32,gener robert abram,11
year democrat,32,case rape incest,11
staff writer,32,bob dole kansa,11
gulf war,32,bill bradlei dnj,11
oppos abort,32,seek senat seat,11
seat senat,31,democrat nomin seat,11
race democrat,31,win democrat nomin,11
lead republican,31,twoyear senat seat,11
billion tax,31,arkansa gov bill,11
state sen,31,candid diann feinstein,11
democrat nomine,31,congression pai rais,11
democrat rep,31,conserv bruce herschensohn,11
death penalti,31,maureen reagan presid,11
polit consult,30,reagan presid daughter,11
herschensohn conserv,30,lo angel citi,11
year women,30,suprem court justic,11
moder republican,30,black woman senat,11
mr mccarthi,30,minor leader robert,11
senat seymour,30,feinstein democrat mayor,11
conserv republican,30,support death penalti,11
contribut report,30,accus sexual harass,11
presidenti campaign,30,hill clarenc thoma,11
hous member,29,california democrat parti,11
percent precinct,29,good chanc win,11
lieuten governor,29,california senat race,11
precinct report,29,cut defens spend,11
told report,29,tom campbel rstanford,11
appoint incumb,29,pete wilson term,11
senat republican,29,john seymour anaheim,11
republican women,29,mr bush campaign,11
tv comment,29,speaker thoma folei,11
race california,29,hous speaker thoma,11
republican john,29,candid ross perot,11
bush administr,29,state democrat parti,11
california polit,29,senatori campaign committe,10
geraldin ferraro,29,hous bank scandal,10
citi council,28,bono mayor palm,10
brown jr,28,sonni bono mayor,10
feinstein campaign,28,herschensohn televis comment,10
major leader,28,support mr perot,10
american polit,28,senat diann feinstein,10
new confer,28,john seymour calif,10
vote republican,28,bill bradlei jersei,10
cranston retir,28,joan milk flore,10
bill senat,28,mel levin lo,10
parti nomin,28,edmund jerri brown,10
televis advertis,28,mayor dian feinstein,10
persian gulf,28,york timescb new,10
spend million,27,remain year term,10
seymour campaign,27,judg clarenc thoma,10
justic depart,27,leo mccarthi rep,10
elector vote,27,hous urban develop,10
sixyear term,27,senat arlen specter,10
sen seymour,27,sen charl grasslei,10
state california,27,secretari jack kemp,10
dannemey rfullerton,27,parti chairman phil,10
incumb john,27,democrat parti chairman,10
hous race,27,women unit state,10
vote democrat,27,sen phil gramm,10
senat year,27,vice presid quayl,10
televis commerci,27,number women senat,10
jim triniti,27,pete wilson republican,10
york time,27,moder rep tom,10
won democrat,27,conserv orang counti,10
angel counti,27,won percent vote,10
percent vote,26,mari rose oakar,10
record number,26,natur resourc committe,10
illeg immigr,26,feinstein campaign manag,10
democrat alan,26,seat vacat retir,10
republican voter,26,gov edmund brown,10
secretari state,26,suprem court rule,10
cut defens,26,year woman polit,10
california voter,26,lo angel televis,10
free trade,26,ms feinstein mayor,10
appoint sen,26,water project bill,10
presidenti nomine,26,republican gov pete,10
presid dan,26,writer jean pasco,10
small busi,26,thoma sexual harass,9
rais tax,26,support presid bush,9
femal senat,26,william dannemey conserv,9
twoyear seat,26,commission bill allen,9
year senat,26,bill clinton democrat,9
time poll,26,leader robert dole,9
conserv televis,26,bill presid bush,9
senat judiciari,26,republican senat john,9
california mr,26,boxer marin counti,9
john glenn,26,presid nation women,9
point lead,26,john seymour democrat,9
liber democrat,26,confirm clarenc thoma,9
lead poll,26,held public offic,9
robert dornan,25,compil regist staff,9
republican presidenti,25,california republican parti,9
gop nomin,25,independ ross perot,9
primari june,25,seat held appoint,9
boxer campaign,25,georg mitchel dmain,9
endang speci,25,francisco mayor dian,9
democrat race,25,republican orang counti,9
state parti,25,presid jimmi carter,9
feder water,25,john glenn ohio,9
committe chairman,25,democrat nation convent,9
huntington beach,25,district san diego,9
nomin women,25,seymour support abort,9
sixyear seat,25,mr clinton mr,9
mr glenn,25,ben nighthors campbel,9
million acr,25,senat candid diann,9
rep robert,25,candid bill clinton,9
seat hous,24,interior secretari manuel,9
senat alan,24,herschensohn lo angel,9
bill allen,24,secretari manuel lujan,9
opinion poll,24,southcentr lo angel,9
capitalgain tax,24,conserv rep william,9
spring mayor,24,environment defens fund,9
year republican,24,cut capitalgain tax,9
year term,24,senat barbara mikulski,9
air forc,24,retir democrat alan,9
fish wildlif,24,poll show women,9
wilson appoint,24,thoma folei dwash,9
democrat oppon,24,east lo angel,9
women issu,24,robert dornan rgarden,9
newport beach,24,recent lo angel,9
state legislatur,24,seymour republican appoint,9
women vote,24,rep dana rohrabach,9
feinstein democrat,24,race democrat nomin,9
braun illinoi,23,environment protect agenc,9
northern california,23,state attornei gener,9
capit gain,23,wing republican parti,9
senat nomin,23,confirm suprem court,9
senat campaign,23,pete wilson governor,9
nomin seat,23,staff writer jean,9
abort legal,23,dornan rgarden grove,9
environment protect,23,bill pass hous,9
pacif bell,23,democrat oppon diann,9
law professor,23,wrote bad check,9
field poll,23,sen alan dixon,9
remain year,23,presidenti nomine bill,9
campaign committe,23,candid bruce herschensohn,9
maureen reagan,23,seymour appoint incumb,9
rais million,23,offshor oil drill,9
feinstein ms,23,mervin field director,9
delai tactic,23,oppon diann feinstein,9
washington state,23,race senat seat,9
recent poll,23,democrat presidenti primari,9
mr skinner,23,sen bob packwood,9
million dollar,23,white hous offici,9
feinstein san,23,pete wilson senat,9
seat state,23,freedom choic act,9
citi resid,23,major leader richard,8
mayor sonni,23,elect women senat,8
women group,23,senat bob dole,8
st loui,23,director california poll,8
republican incumb,23,senat race democrat,8
race state,22,field director california,8
open seat,22,nomine clarenc thoma,8
feinstein barbara,22,republican parti platform,8
minor leader,22,court nomine clarenc,8
republican leader,22,real estat develop,8
jimmi carter,22,levin santa monica,8
cold war,22,leader bob dole,8
bush mr,22,issu compil regist,8
state assembl,22,boxer feinstein support,8
joseph alioto,22,democrat senatori campaign,8
richard nixon,22,senat energi natur,8
tuesdai primari,22,leader richard gephardt,8
major parti,22,credit firsttim homebuy,8
polit caucu,22,bush vice presid,8
governor race,22,campaign manag kam,8
yeakel pennsylvania,22,cut defens budget,8
senat term,22,manag kam kuwata,8
support bush,22,nuclear wast dump,8
mr dannemey,22,term pete wilson,8
bai area,22,vice presidenti candid,8
parti chairman,21,state republican parti,8
campaign california,21,counti san francisco,8
men women,21,honolulu st loui,8
candid run,21,york citi comptrol,8
rodnei king,21,alan cranston give,8
san clement,21,john seymour mr,8
univers california,21,democrat rep barbara,8
presid reagan,21,senat bill bradlei,8
practic commiss,21,john seymour novemb,8
counti regist,21,urban develop secretari,8
execut director,21,district lo angel,8
run offic,21,orang counti state,8
women democrat,21,boxer ms feinstein,8
bob dole,21,mr wilson mr,8
polit practic,21,vacat alan cranston,8
western water,21,barbara boxer congresswoman,8
special elect,21,bush sign billion,8
incumb republican,21,appoint republican sen,8
win democrat,21,vote ms boxer,8
republican state,21,save loan scandal,8
democrat mayor,21,corona del mar,8
defens cut,21,democrat primari voter,8
democrat barbara,21,levin dlo angel,8
santa ana,21,jerri brown jr,8
race senat,21,mel levin dlo,8
gop rep,21,hous seat state,8
thoma suprem,21,regist poll show,8
chanc win,21,claremont graduat school,8
law order,21,mr seymour state,8
bill includ,21,lo angel area,8
date birth,20,doubl number women,8
woman senat,20,california state univers,8
appoint senat,20,republican incumb john,8
senat democrat,20,repres william dannemey,8
clinton arkansa,20,angel televis comment,8
campaign senat,20,secretari lynn martin,8
senat contest,20,comment lo angel,8
counti republican,20,hold point lead,8
bush bill,20,survei voter leav,8
seymour support,20,alabama montana mexico,8
state treasur,20,wood presid nation,8
creat job,20,nation taxpay union,8
elect dai,20,pete wilson appoint,8
show mr,20,tom campbel moder,8
mr jordan,20,diann feinstein state,8
year california,20,comment patrick buchanan,8
vote ms,20,state parti convent,8
senat bill,20,conserv comment patrick,8
good chanc,20,hous major leader,8
year seat,20,right commission bill,8
washington post,20,mr bush run,8
pai rais,20,presid sign bill,7
feinstein rep,20,win republican nomin,7
phil angelid,20,allen retir glendal,7
social issu,20,california poll show,7
alan dixon,20,feinstein state control,7
campaign consult,20,abort right forc,7
fair polit,20,year pete wilson,7
senat california,20,appoint incumb john,7
billion year,20,william weld massachusett,7
south dakota,19,conserv tv comment,7
democrat leader,19,member hous repres,7
congression seat,19,secretari state offic,7
mcdonnel dougla,19,richard bryan harri,7
black woman,19,california lo angel,7
emili list,19,north san francisco,7
parti candid,19,vote feder polici,7
american peopl,19,bryan harri reid,7
senat major,19,republican support abort,7
california elect,19,clinton mr bush,7
tv ad,19,sampl error minu,7
seat california,19,state sen john,7
william allen,19,california exit poll,7
dannemey fullerton,19,hous bank overdraft,7
close race,19,senat race california,7
jean lloydjon,19,feder subsid water,7
woman polit,19,great societi program,7
defens spend,19,governor ms boxer,7
state legisl,19,radio free asia,7
spend time,19,charl black senior,7
polic offic,19,bush campaign manag,7
california governor,19,john seymour rep,7
expect win,19,central utah project,7
california women,19,attornei joseph alioto,7
regist voter,19,jim triniti retir,7
pass hous,19,billionair ross perot,7
televis ad,19,presidenti candid bill,7
sen alfons,19,mccarthi rep mel,7
wilson elect,19,california gov pete,7
north american,19,john seymour seymour,7
tax hike,19,presid bush gov,7
bush sign,19,brown california governor,7
bad check,19,counti republican parti,7
seat grab,19,overrid bush veto,7
confirm hear,19,femal senat candid,7
michael dukaki,19,state jame baker,7
univers southern,19,secretari state jame,7
water farmer,19,governor pete wilson,7
poll california,19,barbara boxer democrat,7
regist staff,19,abort case rape,7
member hous,19,seymour mr seymour,7
democrat hold,18,leo mccarthi repres,7
nation women,18,presidenti campaign california,7
seek term,18,bob kasten wisconsin,7
support clinton,18,cranston democrat retir,7
republican challeng,18,illinoi democrat senat,7
campbel stanford,18,oppon state control,7
pass bill,18,clinton arkansa democrat,7
repres mel,18,pat buchanan republican,7
percent voter,18,held elect offic,7
charl grasslei,18,brown jr california,7
patti murrai,18,seymour campaign manag,7
republican support,18,campaign orang counti,7
bob packwood,18,term mr wilson,7
largest state,18,polit scienc professor,7
face tough,18,recent field poll,7
barbara bush,18,forc persian gulf,7
enterpris zone,18,california pollster mervin,7
lead democrat,18,win democrat primari,7
barbara mikulski,18,seek republican nomin,7
polic chief,18,incumb sen john,7
nation republican,18,pete wilson state,7
primari voter,18,mr john seymour,7
state women,18,project western state,7
peac freedom,18,oppos abort right,7
famili valu,18,improperli report million,7
paul tsonga,18,rodnei king beat,7
washington dc,18,senat alan dixon,7
georg mitchel,18,american independ parti,7
primari season,18,ms boxer ms,7
term democrat,18,rep mari rose,7
famili leav,18,labor secretari lynn,7
super tuesdai,18,san joaquin vallei,7
survei voter,18,bush veto legisl,7
hous democrat,17,ms boxer oppon,7
glendal dentist,17,san francisco chronicl,7
boxer diann,17,univers california berkelei,7
lieut gov,17,governor year ago,7
vote overrid,17,marin counti san,7
gai right,17,metro red line,7
nuclear wast,17,court justic clarenc,7
presidenti nomin,17,term limit pledg,7
western state,17,final year term,7
california desert,17,nuclear power plant,7
candid california,17,desert protect act,7
gov edmund,17,justic clarenc thoma,7
gop primari,17,republican presidenti race,7
california deleg,17,repeal luxuri tax,7
counti voter,17,western water polici,7
seymour feinstein,17,libertarian richard boddi,7
democrat nation,17,mel levin santa,7
angel polic,17,senat hous repres,7
governor year,17,presidenti primari march,7
state presidenti,17,clarenc thoma confirm,7
defens budget,17,barbara boxer california,7
right commission,17,real estat industri,7
natur resourc,17,riot lo angel,7
bush reelect,17,replac retir sen,7
american independ,17,feder water polici,7
roe wade,17,won democrat primari,7
platform committe,17,parti nomin senat,7
year hous,17,lloyd bentsen dtexa,7
california water,17,west lo angel,7
male oppon,17,appoint john seymour,7
balanc budget,17,republican senat alfons,7
wilson term,17,year democrat sen,7
tight race,17,grai davi democrat,7
support mr,17,candid geraldin ferraro,7
econom growth,17,primari sept democrat,7
sen arlen,17,hous seat censu,7
california vote,17,barbara mikulski maryland,7
middl class,17,state primari june,7
speci act,17,precinct report candidatepercenttot,7
california farmer,17,spokesman jeff weir,7
foreign polici,17,san francisco repres,7
sen bob,17,dian feinstein mayor,7
reelect campaign,17,hous interior committe,7
costa mesa,17,show mr perot,7
republican contest,17,illinoi carol moselei,7
constitut amend,17,nomin suprem court,7
california gov,17,support balancedbudget amend,7
trade agreement,17,hollywood women polit,7
water district,17,democrat vice presidenti,7
richard boddi,17,abort right advoc,7
democrat congress,16,seat held republican,7
democrat bill,16,cut capit gain,7
republican platform,16,california republican assembl,7
right commiss,16,gov edmund jerri,7
save loan,16,professor anita hill,6
civil war,16,barbara boxer senat,6
cranston democrat,16,thoma confirm hear,6
republican governor,16,sexual harass charg,6
senat nomine,16,report mr perot,6
congression race,16,feder employe make,6
retir democrat,16,court confirm hear,6
democrat run,16,women san francisco,6
campaign year,16,conserv wing parti,6
sen bill,16,motiv speaker huntington,6
bennett johnston,16,suprem court confirm,6
regist poll,16,women diann feinstein,6
bush support,16,offici mr bush,6
district democrat,16,hous repres state,6
democrat control,16,district republican percent,6
new poll,16,nation rifl associ,6
sign bill,16,vote overrid bush,6
clinton campaign,16,republican percent precinct,6
threewai race,16,libertarian motiv speaker,6
vice presidenti,16,rep duncan hunter,6
member senat,16,presidenti candid geraldin,6
elect commiss,16,rep robert lagomarsino,6
counti supervisor,16,california mr buchanan,6
feder spend,16,million televis advertis,6
earlier year,16,presid unit state,6
parti convent,16,california elect senat,6
senat women,16,oklahoma law professor,6
year year,16,judiciari committe member,6
state mr,16,recent poll show,6
court nomine,16,speaker huntington beach,6
damato rny,16,lo angel polit,6
retir year,16,nomin mr bush,6
tax break,16,execut director california,6
percent mr,16,contra costa counti,6
retir glendal,16,famili leav bill,6
flat tax,16,support north american,6
death row,16,number women run,6
georg miller,16,televis radio comment,6
gain seat,16,sixyear term seat,6
vote hous,16,senat financ committe,6
director california,16,financ committe chairman,6
percent year,16,san diego counti,6
judg thoma,15,meeuwenberg american independ,6
make differ,15,prison sentenc death,6
polit scientist,15,paul meeuwenberg american,6
senat approv,15,acrosstheboard tax cut,6
robert abram,15,senat candid bruce,6
urban aid,15,march super tuesdai,6
herschensohn televis,15,committe chairman lloyd,6
nomine bill,15,percent acrosstheboard tax,6
percent republican,15,yucca mountain nev,6
balancedbudget amend,15,boddi libertarian motiv,6
retir sen,15,counti record deed,6
cranston seat,15,chairman lloyd bentsen,6
press secretari,15,bush plan cut,6
voic vote,15,energi water bill,6
primari campaign,15,voter left poll,6
seymour anaheim,15,bad check hous,6
mayor palm,15,tax credit firsttim,6
primari state,15,support bush plan,6
million campaign,15,abort right environment,6
reuter limit,15,clarenc thoma nomin,6
senat energi,15,delai tactic senat,6
overdraft hous,15,report john seymour,6
water suppli,15,republican sonni bono,6
allmal senat,15,contribut report john,6
republican pete,15,congresswoman barbara boxer,6
seymour state,15,invest tax credit,6
primari sept,15,mr bush reelect,6
jack kemp,15,white hous chief,6
govern spend,15,hous chief staff,6
year polit,15,nation organ women,6
right support,15,governor leo mccarthi,6
vote bill,15,includ billion tax,6
replac retir,15,seat gov pete,6
twoyear term,15,nation convent houston,6
larg number,15,bush gov bill,6
public offic,15,lead republican oppon,6
gov jerri,15,state democrat chairman,6
mob rule,15,full senat term,6
challeng mr,15,lose hous seat,6
arkansa governor,15,toler mob rule,6
california year,15,elect year women,6
california sen,15,state mr bush,6
seymour mr,15,denounc mob rule,6
challeng republican,15,consult lo angel,6
seymour bill,15,market consult lo,6
kam kuwata,15,western water project,6
ms ferraro,15,societi toler mob,6
democrat convent,15,california polit scene,6
compar percent,15,democrat societi toler,6
includ million,15,selfstyl mom tenni,6
million year,15,conserv lo angel,6
phil gramm,15,seat vacat alan,6
water california,15,congressman mel levin,6
terri sanford,15,consult harvei england,6
campaign fund,15,pass tax bill,6
counti district,15,dian feinstein barbara,6
feder elect,15,women member senat,6
legal abort,15,brown paul tsonga,6
congression deleg,15,remain year seat,6
keep abort,15,poll orang counti,6
santa barbara,15,jerri brown paul,6
repres tom,15,ms boxer receiv,6
appoint republican,15,held john seymour,6
women won,15,john seymour senat,6
project bill,15,major parti nomin,6
republican convent,15,american enterpris institut,6
action committe,15,treasur kathleen brown,6
al gore,15,women won democrat,6
polit action,15,retir senat alan,6
posit abort,15,ms boxer repres,6
gov wilson,15,state treasur kathleen,6
feder budget,14,mr brown mr,6
bill presid,14,race replac retir,6
elect campaign,14,robert dole rkan,6
presid nation,14,republican nomin senat,6
chairman phil,14,democrat nomine governor,6
senat floor,14,elect unit state,6
campaign trail,14,commerci real estat,6
ancient forest,14,task forc recommend,6
convent floor,14,focus lo angel,6
boxer lead,14,orang counti democrat,6
run state,14,support bush propos,6
full sixyear,14,gov georg deukmejian,6
republican assembl,14,angel counti district,6
rep boxer,14,citi comptrol elizabeth,6
social secur,14,republican senat candid,6
judith ryan,14,civil right bill,6
thoma confirm,14,time poll found,6
women year,14,francisco mayor feinstein,6
posit vote,14,patti murrai washington,6
issu abort,14,sen tom harkin,6
republican california,14,richard boddi libertarian,6
talk show,14,equal right amend,6
seek democrat,14,post offic scandal,6
hous adjourn,14,abort mr seymour,6
vote confirm,14,california senat candid,6
lloyd bentsen,14,water bill senat,6
research develop,14,secret servic agent,6
senat alfons,14,mr seymour mr,6
bob kasten,14,harass work place,6
primari race,14,appoint gov pete,6
tenni shoe,14,leav poll california,6
committe member,14,support keep abort,6
vote state,14,hous earli tuesdai,6
nation park,14,vote republican presidenti,6
feinstein face,14,hear sexual harass,6
democrat senatori,14,patrick buchanan conserv,6
campaign monei,14,primari senat seat,6
francisco bai,14,resid lo angel,6
david duke,14,send women senat,6
american free,14,campbel mr herschensohn,6
answer question,14,qualiti manag district,6
state local,14,mr campbel mr,6
administr offici,14,ronald reagan mr,6
feinstein run,14,water western farmer,6
run governor,14,barbara boxer dgreenbra,6
leader georg,14,percent percent mr,6
senat barbara,14,show mr clinton,6
elect democrat,14,abort republican parti,6
candid governor,14,air qualiti manag,6
republican senatori,14,senat charl grasslei,6
republican appoint,14,percent mr clinton,6
senat bob,14,choic peripher issu,6
rape incest,14,press contribut report,6
candidateperc total,14,presid bush reelect,6
mayor anaheim,14,subsid water western,6
ban abort,14,davi san francisco,6
sixyear senat,14,san francisco attornei,6
report candidateperc,14,francisco attornei joseph,6
leader robert,14,bob dole rkan,6
run mate,14,horn peac freedom,6
import issu,14,gov william weld,6
seymour vote,14,republican coalit choic,6
subsid water,14,pete wilson california,6
republican rep,14,vote confirm clarenc,6
republican gov,14,strongli favor abort,6
primari oppon,14,manuel lujan jr,6
republican hope,14,gener william barr,6
twoyear senat,14,attornei gener william,6
militari spend,13,televis comment lo,6
moder conserv,13,lead presid bush,6
seymour senat,13,strengthen environment law,6
retir senat,13,oppon rep william,6
candid democrat,13,offic posit vote,6
win nomin,13,sale feder subsid,6
seat year,13,seek gop nomin,6
seek senat,13,barbara gore washington,6
race mr,13,abort right republican,6
seymour seat,13,tax capit gain,6
illinoi lynn,13,challeng patrick buchanan,6
support presid,13,patrick buchanan mr,6
firsttim homebuy,13,limit sale feder,6
spend monei,13,daniel patrick moynihan,6
race republican,13,question anita hill,6
sierra club,13,poll show percent,6
candid mr,13,writer ann devroi,6
st mari,13,staff writer ann,6
california dream,13,democrat carol moselei,6
jean pasco,13,mr bush sought,6
fund rais,13,bruce herschensohn senat,6
william weld,13,gerald horn peac,6
time state,13,metropolitan water district,6
bank scandal,13,capitalgain tax cut,6
vote feder,13,nomin seat held,6
public opinion,13,abolit tax capit,6
wilson senat,13,flat tax rate,6
governor california,13,senat seat mr,6
doubl number,13,support tax increas,6
counti state,13,democrat senat nomine,6
dentist jim,13,republican georg bush,6
win novemb,13,jean lloydjon democrat,6
reagan presid,13,seymour republican california,6
state deleg,13,john mckernan jr,6
richard gephardt,13,women senat hous,6
governor bill,13,final dai campaign,6
leav poll,13,seymour appoint senat,6
state offic,13,angel polic offic,6
republican face,13,white hous staff,6
red line,13,latest california poll,6
special interest,13,jewish yom kippur,5
democrat incumb,13,year woman year,5
gerald horn,13,amend ban abort,5
candid bill,13,member william allen,5
hill clarenc,13,commiss member william,5
oil drill,13,right commiss member,5
mom tenni,13,cleveland st ignatiu,5
tax rate,13,challeng republican senat,5
robert dole,13,includ san francisco,5
primari ballot,13,constitut amend ban,5
vote year,13,primari june california,5
vote mr,13,democrat repres barbara,5
texa billionair,13,campaign chairman robert,5
santa monica,13,mckernan jr main,5
women men,13,bid senat seat,5
paul meeuwenberg,13,grai davi san,5
twothird vote,13,state senat assembl,5
bush win,13,mexico virgin island,5
vote need,13,geraldin ferraro york,5
bush told,13,jo ellen allen,5
women win,13,massachusett mexico virgin,5
elect offic,13,chief daryl gate,5
face republican,13,rais time monei,5
dole kansa,13,john seymour televis,5
statewid poll,13,main massachusett mexico,5
senat hope,13,assemblyman tom umberg,5
lost job,13,outsid theyr insid,5
brown california,13,diann feinstein seek,5
court rule,13,martin luther king,5
great societi,13,rep ron packard,5
democrat state,13,senat campaign committe,5
retir account,13,barbara boxer marin,5
mr chong,13,gain hous seat,5
democrat gov,13,resid orang occup,5
incom tax,13,sen pete wilson,5
pollster mervin,13,brown sister jerri,5
debat abort,13,kathleen brown sister,5
action leagu,13,democrat state treasur,5
incumb democrat,13,commerci denounc mob,5
damato york,13,gov mario cuomo,5
right action,13,gov ann richard,5
illinoi democrat,13,bush sign bill,5
make case,13,tax middl class,5
presid sign,13,professor polit scienc,5
voter california,12,supervisor gaddi vasquez,5
senat minor,12,counti north san,5
state assemblyman,12,hous secretari jack,5
pass senat,12,richard mcbride seymour,5
levin lo,12,phil gramm texa,5
rb jr,12,state senat seymour,5
democrat year,12,seymour anaheim mayor,5
republican presid,12,john seymour state,5
women movement,12,spend billion year,5
month year,12,democrat leader congress,5
individu retir,12,candid sixyear senat,5
mr davi,12,boddi huntington beach,5
econom polici,12,arkansa democrat presidenti,5
sen charl,12,incumb san clement,5
luxuri tax,12,appoint incumb san,5
ann richard,12,triniti retir glendal,5
south carolina,12,sen john lewi,5
show feinstein,12,richard gephardt dmo,5
nation secur,12,club orang counti,5
state water,12,campaign presid bush,5
jeff weir,12,freedom univers professor,5
presidenti veto,12,peac freedom univers,5
bush clinton,12,mexico strengthen environment,5
attack mr,12,republican arlen specter,5
favor win,12,water central vallei,5
parti mr,12,requir mexico strengthen,5
win republican,12,american polit histori,5
time california,12,reduc feder spend,5
state fair,12,real chang thing,5
black men,12,republican senat arlen,5
wilson governor,12,mr bush strategist,5
peopl california,12,barbara boxer won,5
republican side,12,mexico part agreement,5
ag resid,12,walter jone jr,5
end year,12,democrat lynn yeakel,5
mark dicamillo,12,missouri lieuten governor,5
clinton democrat,12,establish manufactur center,5
polit scienc,12,hous staff percent,5
nbc new,12,pariti mexico part,5
democrat vote,12,polit director democrat,5
financ committe,12,deleg favor abort,5
senat appoint,12,fill remain year,5
high school,12,reduc white hous,5
final year,12,educ health care,5
race governor,12,western farmer allow,5
sound bite,12,suppli wildlif droughtparch,5
arkansa gov,12,wildlif droughtparch california,5
cash hand,12,maureen reagan daughter,5
primari senat,12,reagan daughter presid,5
conserv mr,12,campaign gov pete,5
rich williamson,12,cinco de mayo,5
month democrat,12,nation republican coalit,5
decid run,12,wage pariti mexico,5
california race,12,droughtparch california citi,5
televis debat,12,time poll show,5
assemblyman tom,12,california governor wilson,5
full senat,12,dam waterwai project,5
seymour seymour,12,requir wage pariti,5
major state,12,vallei project cvp,5
gener manag,12,million acr feet,5
hous speaker,12,sen lloyd bentsen,5
fill seat,12,alan dixon illinoi,5
abort oppon,12,rethink reaffirm bond,5
clinton plan,12,reaffirm bond knit,5
democrat challeng,12,primari year ago,5
york citi,12,bond knit nation,5
presid daughter,12,senat republican leader,5
timescb new,12,women polit committe,5
state convent,12,mari dent crisp,5
democrat repres,12,special elect year,5
voter research,12,health standard propos,5
voter leav,12,governor wilson appoint,5
california job,12,wast dump state,5
research survei,12,john seymour seat,5
congression pai,12,nomin clarenc thoma,5
lyndon johnson,12,info box end,5
presid ronald,12,box end text,5
st john,12,california central vallei,5
poll democrat,12,test feder judg,5
gener robert,12,year sen john,5
wilson republican,12,litmu test feder,5
hold seat,12,record number retir,5
oppon state,12,call new confer,5
dai campaign,12,page water bill,5
check hous,12,hous repres bank,5
candid support,12,charg sexual harass,5
democrat major,12,feinstein left barbara,5
polit campaign,12,left barbara boxer,5
environment law,12,pass water bill,5
sampl error,12,salt lake citi,5
bush polit,12,water california farmer,5
republican bruce,12,dioces bath well,5
herschensohn campaign,12,water project state,5
margin sampl,12,develop nuclear wast,5
bush propos,12,unusu high number,5
seymour dannemey,12,anita hill hear,5
poll suggest,12,punish year prison,5
boxer oppon,12,water fish wildlif,5
incumb sen,12,republican senatori primari,5
tuesdai night,12,hous minor leader,5
race women,12,campbel silicon vallei,5
foreign aid,12,seat todai republican,5
year congress,12,bill includ billion,5
wilder area,12,ladi barbara bush,5
seat stake,12,assemblyman richard katz,5
energi natur,12,california energi commiss,5
time year,12,tax increas year,5
econom issu,12,san diego mayor,5
stanford univers,12,tax bill pass,5
edmund brown,12,real estat market,5
dole rkan,12,senat barbara boxer,5
ken khachigian,11,control hous repres,5
democrat ticket,11,overrid presid bush,5
rate percent,11,seat san francisco,5
governor republican,11,bank post offic,5
women campaign,11,state central vallei,5
seymour moder,11,presid bush long,5
case rape,11,challeng mr wilson,5
resourc committe,11,nation republican parti,5
chang mind,11,republican task forc,5
make easier,11,promot energi effici,5
time mr,11,offic thrift supervis,5
race year,11,california gov jerri,5
repres william,11,oppon bruce herschensohn,5
republican strategist,11,herschensohn senat seat,5
defens fund,11,red white blue,5
polit activ,11,sen richard bryan,5
chang thing,11,california state senat,5
campbel rstanford,11,bruce herschensohn republican,5
mccarthi rep,11,challeng diann feinstein,5
california citi,11,new servic contribut,5
court justic,11,servic contribut report,5
beverli hill,11,bill clinton al,5
bradlei dnj,11,clinton al gore,5
send women,11,small busi administr,5
anaheim mayor,11,senat pete wilson,5
yom kippur,11,seat grab year,5
vote california,11,arlen specter rpa,5
tax measur,11,tax energi water,5
long beach,11,cranston retir republican,5
angel citi,11,georg mitchel main,5
feder fund,11,congressman william dannemey,5
san franciscan,11,abort right herschensohn,5
phone call,11,close race democrat,5
earlier month,11,presid bush sign,5
dan schnur,11,democrat lt gov,5
state attornei,11,part lo angel,5
conserv gop,11,oppos abort case,5
bush plan,11,terri sanford north,5
year drought,11,south coast plaza,5
state nation,11,democrat republican independ,5
bradlei jersei,11,chief staff gov,5
hous vote,11,bob packwood oregon,5
john lewi,11,poll suggest cent,5
convent deleg,11,appoint month ago,5
weed seed,11,arlen specter pennsylvania,5
california pollster,11,year gov pete,5
clinton lead,11,ron packard roceansid,5
republican vote,11,point lead republican,5
seymour face,11,feinstein narrowli lost,5
jane harman,11,mr wilson appoint,5
primari victori,11,leader robert michel,5
popul state,11,bill clinton assur,5
million feder,11,senat seat hous,5
equal right,11,gov judd gregg,5
rod chandler,11,democrat year ago,5
candid ross,11,vacat retir democrat,5
feder law,11,month ago republican,5
seek elect,11,women run offic,5
home state,11,state elector vote,5
independ candid,11,democrat voter california,5
seymour democrat,11,southern california sacramento,5
bush sought,11,fullerton civil right,5
